Kendujhar,Balarampur,7.74,835.0,439,235,157,46,29,57,34.4,191,148,31,0.36,0,53.017642741517996,2
Boudh,Baghiapada,7.6,670.0,316,290,295,42,45,20,0.6,360,19,12,0.68,0,43.234648300852236,1
Kalahandi,Chiliguda1,7.64,1090.0,571,380,140,88,39,72,2.8,171,250,36,0.11,0,19.030790152327626,0
Mayurbhanj,Satkosia,8.46,330.0,152,152,98,31,18,1,4.8,120,19,1,0.48,1,40.85902871714139,1
Koraput,Gumur,7.03,200.0,93,62,54,19,4,10,2.5,66,24,0,0.06,1,5.96377477124816,0
Nabarangpur,Jharigan,7.62,900.0,458,297,331,77,25,34,48.4,404,64,11,0.39,0,64.52824391440986,2
Boudh,Gaundhisar,8.03,760.0,354,340,342,46,55,16,1.1,417,14,16,1.3,0,77.45082546532288,3
Kendujhar,Rajpat,7.68,250.0,151,65,69,20,4,28,7.2,84,48,3,0.11,1,17.397734743249107,0
Cuttack,Khuntuni,8.21,655.0,297,225,125,40,30,36,0.1,153,95,21,0.27,1,26.988685618389262,1
Sundargarh,Garjanbahal,8.03,260.0,132,72,70,17,7,17,5.2,85,31,12,0.19,1,22.735350711312297,0
Boudh,Singarichhak,8.3,430.0,216,205,199,46,22,4,1.0,243,12,11,1.14,1,68.91362287385397,2
Ganjam,Bananai,8.23,1380.0,691,320,414,43,52,135,16.0,505,163,35,0.35,0,46.09829534695528,1
Bargarh,Dumal Pali,7.55,540.0,269,167,144,44,13,38,1.0,175,72,15,0.48,1,30.862573135913426,1
Bhadrak,Agarpada,8.29,1400.0,726,292,257,48,43,100,154.0,314,219,120,0.08,0,134.63252238834278,3
Gajapati,Chandiput,8.04,350.0,169,131,82,36,10,13,6.1,101,50,4,0.23,1,26.079424618388394,1
Kendrapara,Hatia,7.89,730.0,374,104,254,12,18,114,6.4,310,67,4,0.1,0,20.064665096885715,0
Kandhamal,Tellapalli,8.3,430.0,221,158,170,45,11,19,10.8,203,35,1,0.17,1,29.483833718702396,1
Mayurbhanj,Bangriposi,7.95,480.0,273,218,162,48,24,20,2.1,197,65,20,0.26,1,25.556852818458772,1
Mayurbhanj,Belam,8.07,325.0,210,124,147,30,12,20,4.1,180,22,1,0.35,1,30.752843833967788,1
Sambalpur,Bausenmura,8.38,1680.0,874,599,336,170,43,81,53.3,369,251,76,0.3,0,74.45921242906479,2
Kalahandi,M-rampur,8.15,370.0,187,130,130,40,7,20,5.2,159,37,0,0.23,1,26.366948044099928,1
Boudh,Palasaguda 1,7.6,1560.0,831,710,158,178,64,25,11.3,193,382,76,0.27,0,36.79321061246648,1
Puri,Ramchandisahi,7.99,950.0,395,233,226,65,17,49,23.6,275,67,38,0.04,0,31.667063201939893,1
Angul,Kuio,7.64,1510.0,733,545,330,70,90,92,5.0,403,233,46,1.33,0,82.51307594133786,3
Kendujhar,Kuntapada,7.55,80.0,53,30,25,10,1,8,0.7,30,17,1,0.18,1,14.051400674275548,0
Puri,Algum,7.88,1200.0,647,153,333,32,19,112,106.0,407,141,37,0.1,0,94.54039211124218,3
Angul,Kukurang,8.28,1730.0,906,235,390,24,43,288,1.9,476,174,142,3.94,0,205.06708274636375,3
Bargarh,Satlama,7.74,260.0,141,88,84,23,7,25,1.0,103,26,8,0.66,1,39.581377192662174,1
Ganjam,Poirasi,8.05,650.0,346,259,181,39,39,29,6.9,221,90,34,0.43,1,39.10538659040238,1
Deogarh,kalkat,8.3,430.0,197,174,180,30,24,16,3.1,208,13,3,0.29,1,30.10523203236252,1
Mayurbhanj,Hatjori,7.82,280.0,150,89,57,28,5,20,4.1,70,50,13,0.14,1,17.910752886305236,0
Puri,GobardhanMatha,7.86,400.0,200,144,134,38,12,18,7.0,164,24,21,0.04,1,16.704774373000454,0
Kalahandi,Ampani,7.73,730.0,360,280,285,62,30,36,5.0,348,55,1,0.54,0,40.323562819684376,1
Sundargarh,R-21 Sector-1,8.58,650.0,323,250,219,49,31,33,0.5,194,58,20,0.37,0,35.56986416837699,1
Kendujhar,Turmunga,7.84,245.0,137,70,59,24,2,24,2.5,72,48,1,0.28,1,23.163232692995173,0
Boudh,Banigochha,7.89,580.0,268,275,188,56,33,5,1.0,230,48,12,0.23,1,23.703263069643537,0
Sundargarh,Deokaranpur,7.76,690.0,337,264,153,83,14,35,0.6,187,108,5,0.07,0,14.007934767194918,0
Dhenkanal,Samole,8.01,440.0,216,175,125,28,26,18,1.9,153,45,23,0.38,1,31.085013120662836,1
Boudh,Gudveli Padar,8.05,490.0,240,195,209,50,17,22,1.4,255,10,14,1.1,0,65.05748968929038,2
Kendujhar,Pitanali,7.29,115.0,75,35,44,12,1,13,3.3,54,19,0,0.17,1,13.473788790586525,0
Dhenkanal,Bhagabanpur,7.74,1350.0,735,450,195,28,92,100,2.8,238,290,105,0.43,0,38.27874070507678,1
Koraput,Bheja 1,7.44,100.0,46,46,44,10,5,1,0.2,54,3,0,0.09,1,8.85075432135562,0
Sonepur,Sindor,7.21,430.0,215,150,119,46,8,27,4.8,145,46,11,0.19,1,16.611153242718537,0
Malkangiri,Maithili1,7.78,270.0,134,124,132,34,10,3,4.3,161,2,2,0.07,1,15.046603204606205,0
Bargarh,Rengalpali,7.48,310.0,149,108,114,33,6,20,1.0,139,16,5,0.36,1,23.493780018947202,0
Ganjam,Badakhandi,8.05,440.0,241,127,138,28,14,43,4.8,168,56,13,0.35,1,31.35110488972898,1
Gajapati,Lavanyagada,8.08,700.0,342,177,204,22,29,76,0.5,249,71,21,0.75,0,48.75142214342183,1
Jagatsinghpur,Kanakpur,8.15,690.0,336,158,180,31,20,69,2.6,220,86,19,0.27,1,27.66646046662631,1
Balangir,Bongamunda,8.21,270.0,132,85,98,24,6,14,3.5,119,13,14,0.41,1,33.50311623879806,1
Cuttack,Shankarpur,8.2,426.0,233,230,180,50,26,3,0.8,220,25,21,0.17,1,22.56334284089593,0
Bargarh,kuruan,7.56,490.0,279,157,188,38,15,45,17.0,229,36,16,0.46,0,41.93063072587227,1
Sambalpur,Hotapala,8.48,930.0,442,198,432,16,39,105,0.7,468,22,0,1.4,0,84.29687802949185,3
Boudh,Adenegarh,7.83,340.0,167,130,138,30,13,17,0.8,168,19,5,0.19,1,18.803726489020455,0
Cuttack,Pariamarpada,7.51,480.0,236,139,154,36,12,45,1.3,187,45,5,0.21,1,17.72682666770828,0
Sundargarh,R-25 Ambagaon,7.93,650.0,362,162,148,33,19,64,16.6,180,99,42,0.15,0,30.421120828128803,1
Cuttack,Bidanas 1,6.46,530.0,259,195,182,58,12,23,12.3,223,43,2,0.37,0,25.170747828247965,1
Nabarangpur,Kosagumunda,7.57,430.0,211,223,209,48,25,4,2.5,255,2,4,0.14,0,17.05877022409147,0
Sundargarh,R-10 Raghunathpalli,8.46,580.0,318,201,148,59,13,39,1.9,120,84,32,0.19,1,25.802343703341414,1
Boudh,Usbelika,7.94,460.0,223,220,164,54,21,2,1.4,200,36,10,0.47,1,34.624959573753245,1
Bargarh,Hirapur,8.01,730.0,373,197,337,32,29,73,2.3,411,24,11,0.87,0,55.761214366807366,2
Boudh,Erada,7.74,990.0,482,290,291,42,45,92,0.4,355,83,44,1.4,0,78.67838280577543,3
Puri,Police Lane,7.85,900.0,403,248,226,48,32,57,10.3,275,77,45,0.2,0,29.060289919804177,1
Nabarangpur,Nandahandi,8.16,610.0,318,173,264,34,22,21,60.1,322,19,4,0.26,0,69.87448569577444,2
Cuttack,Tigiria,7.74,950.0,508,310,150,86,23,78,0.7,183,200,31,0.38,0,29.70880760050236,1
Sundargarh,R-37 Vedvyas,8.26,740.0,378,270,126,77,19,44,1.5,154,156,5,0.21,0,25.709087279651126,1
Sonepur,Naikpada,8.34,500.0,257,151,135,42,11,34,3.0,141,55,31,0.63,1,45.72586201382007,1
Mayurbhanj,Nada,8.53,580.0,295,196,153,45,20,42,0.6,187,38,3,0.36,0,33.58311908059407,1
Jajpur,Dasarathpur,7.74,1340.0,732,259,365,58,28,110,82.5,445,144,90,0.29,0,86.58104424399028,3
Nuapada,Tarbod,8.2,530.0,303,158,113,53,6,30,33.5,136,99,15,0.54,0,62.6331974705751,2
Sonepur,Sonepur,7.12,880.0,444,245,280,54,27,71,1.2,342,74,48,0.62,0,36.09848231392393,1
Malkangiri,Malkangiri 1,7.43,1700.0,816,327,245,54,47,170,5.2,299,314,79,0.3,0,28.91397376773186,1
Bargarh,Jamset,8.0,990.0,484,315,337,37,55,62,6.6,411,95,26,0.41,0,39.43297800976344,1
Nabarangpur,Anchalguma1,7.96,1040.0,501,347,306,71,41,38,41.8,373,121,5,0.34,0,61.24577636650338,2
Ganjam,Kendupadar,7.7,1700.0,853,736,243,122,105,61,2.5,296,347,71,0.17,0,28.66200704108745,1
Cuttack,Jagatpur 3,7.21,530.0,256,199,211,40,24,24,1.5,258,32,8,0.31,0,21.244932064375178,0
Sambalpur,Hathibari,8.16,620.0,302,167,204,37,18,56,2.6,249,38,28,0.83,0,54.11401053559081,2
Boudh,Landibandh,8.02,1160.0,573,540,282,48,102,16,1.3,344,173,64,0.14,0,26.722586079671615,1
Nabarangpur,Umarkote,7.76,880.0,429,252,234,71,18,69,4.2,285,112,15,0.64,0,44.0640695651288,1
Sundargarh,Panderpali,7.96,170.0,88,53,40,15,3,13,2.3,49,26,3,0.14,1,17.133304802154107,0
Ganjam,Tilisingi,8.25,900.0,501,360,229,37,65,47,24.0,279,160,31,0.39,0,53.831789493676304,2
Bargarh,Kharmanda,7.53,1740.0,967,319,248,56,44,81,256.0,302,290,92,0.32,0,215.1332867578815,3
Dhenkanal,Dhenkanal,8.0,930.0,466,295,200,42,46,62,25.8,244,146,24,1.26,0,92.6553945864918,3
Balangir,Fatamunda,8.43,670.0,325,254,161,38,39,35,0.9,172,86,30,0.66,1,48.564033419974145,1
Mayurbhanj,Bisoi,7.98,360.0,163,176,153,33,23,1,1.0,187,14,0,0.11,1,17.23750030073788,0
Deogarh,Rengalbeda,8.36,830.0,442,109,219,20,15,132,1.9,250,93,48,2.11,0,115.49098348220211,3
Balangir,Bijakhaman,8.02,980.0,468,423,146,64,64,21,5.8,178,156,70,0.62,0,49.58108814464402,1
Khordha,B-44 Baramunda,7.21,420.0,227,114,116,22,14,30,21.1,142,53,17,0.16,0,27.16494753574677,1
Khordha,B-35 Unit-6,7.42,460.0,241,149,146,36,14,32,8.3,178,45,18,0.12,1,18.015765712598757,0
Khordha,Nirakarpur,7.68,220.0,116,80,77,30,1,13,1.0,94,23,2,0.06,1,10.392810991976454,0
Sundargarh,R-20 Jhirpani,7.18,680.0,349,172,197,22,28,71,10.5,240,94,5,0.16,1,20.689403511542817,0
Nayagarh,Purusottampur,7.92,1190.0,590,310,337,43,50,104,22.7,411,102,67,0.31,0,45.966145604684094,1
Balangir,Kacherpalli(Deogaon),8.06,630.0,300,219,176,44,27,38,0.8,214,53,32,1.66,0,91.80872414397264,3
Bargarh,Shukutapali,7.19,1860.0,971,598,158,121,72,149,12.0,193,409,114,0.28,0,34.29414996191598,1
Cuttack,Fakirpur,6.92,510.0,248,164,211,24,25,43,0.1,258,27,2,0.16,0,10.474937255464727,0
Kendujhar,Ukunta,7.26,1025.0,82,45,25,8,6,12,1.5,30,36,4,0.1,0,8.952149815863505,0
Kalahandi,Sargigora,7.92,1150.0,586,345,280,30,66,104,1.8,342,177,40,1.6,0,92.1643082024027,3
Sonepur,S.ptarapali,8.0,810.0,420,265,119,52,33,55,13.0,146,126,70,0.47,0,44.94248026522675,1
Gajapati,Lilygada,7.92,520.0,237,167,141,36,18,26,1.9,172,60,10,0.7,1,45.08999055187736,1
Nayagarh,Ranpur,8.06,610.0,286,231,208,37,34,23,1.1,254,57,10,0.5,0,37.726510489595604,1
Ganjam,Chamkahandi,7.98,240.0,127,81,86,18,9,12,6.9,105,27,3,0.15,1,21.868148801987676,0
Ganjam,Hinjlikatu,8.3,830.0,445,198,229,47,20,95,4.3,279,104,39,0.47,0,40.34212511148531,1
Sundargarh,Bihabandh,8.18,440.0,207,197,195,42,22,3,2.7,238,12,7,0.59,1,43.1161283387919,1
Cuttack,Buxi bazar,7.32,200.0,100,75,72,20,6,9,3.2,88,15,4,0.29,1,19.97671800580644,0
Ganjam,Kanakia,8.11,1200.0,602,315,238,49,47,103,1.7,290,194,65,0.34,0,33.182799718198,1
Sonepur,Mahadevpali,8.33,500.0,255,120,193,42,4,48,5.0,197,30,10,0.46,1,38.70860431585035,1
Koraput,Chingudichuan,7.71,100.0,46,41,45,10,4,2,1.1,55,3,0,0.09,1,11.690254833246865,0
Jharsuguda,Bhalupatra,7.6,270.0,140,114,130,38,5,13,3.9,152,7,1,0.29,1,23.360046272591074,0
Bargarh,Malada,8.24,1450.0,735,483,351,128,40,99,0.7,429,202,55,0.27,0,31.899480367406866,1
Bargarh,Puturipali,7.71,330.0,171,108,109,31,7,21,8.0,133,21,18,0.41,1,32.994817826439295,1
Mayurbhanj,Nuagaon,8.14,420.0,218,168,157,30,23,20,3.4,192,41,16,0.26,1,27.527952785993232,1
Khordha,B-06 Purnama Gate,7.79,420.0,210,144,134,20,23,25,5.5,164,33,23,0.11,1,18.802015071142556,0
Mayurbhanj,Chandanpur,8.24,160.0,78,74,55,22,5,1,0.1,67,14,3,0.18,1,20.024733206584706,0
Ganjam,Rambha,8.27,665.0,378,254,205,85,10,38,14.5,250,92,16,0.22,0,35.52715002107288,1
Khordha,B-47 Ghatikia,7.0,220.0,119,54,50,12,6,23,2.1,61,28,18,0.08,1,6.44975176741881,0
Koraput,Sunki 1,6.95,310.0,153,134,148,38,10,5,4.0,181,7,0,0.22,1,15.159789081559264,0
Kandhamal,Sankarakhol,8.04,530.0,277,158,216,29,21,28,32.0,259,35,4,0.19,0,44.52592255766171,1
Kendrapara,Raj nagar,7.26,810.0,411,245,226,56,26,57,25.9,275,67,45,0.05,0,28.271226673708885,1
Cuttack,Kasarda,7.38,1440.0,727,383,403,66,53,101,36.5,492,181,49,0.05,0,40.520340820220454,1
Sonepur,Danipali,8.41,1140.0,605,229,412,67,15,125,30.0,432,81,41,0.65,0,69.50616692381526,2
Angul,Barhabahal,8.22,2210.0,1134,550,750,40,109,251,4.1,915,223,58,2.91,0,164.20500873625846,3
Kendujhar,Rugudi,7.92,360.0,199,165,127,40,16,4,9.8,155,41,12,0.27,1,30.395178612824257,1
Kalahandi,Malgaon,8.08,600.0,279,250,265,32,41,20,2.8,323,20,5,1.53,0,88.2620003187114,3
Sonepur,Sarasmal,7.36,470.0,236,134,190,40,8,35,4.9,232,19,14,0.47,1,31.26481252213077,1
Nayagarh,"Nuabausabati(upar
Bausabati)",7.94,1050.0,523,409,178,61,63,51,3.7,217,183,55,0.42,0,38.02815076350625,1
Nayagarh,Rangamatia,7.95,1510.0,752,510,162,95,67,100,2.4,197,364,84,1.28,0,79.35113112822418,3
Jagatsinghpur,Bhutmundi,7.9,3140.0,1586,547,604,117,62,400,73.5,737,468,101,0.21,0,84.15481559885616,3
Sambalpur,Badarama,7.97,660.0,334,237,189,54,25,35,11.3,231,60,34,0.43,1,40.93917865867794,1
Sundargarh,R-31 Sector-14,8.2,170.0,89,69,71,22,3,5,3.7,87,10,2,0.3,1,27.92235899073218,1
Dhenkanal,Deogaon,8.23,450.0,231,175,205,38,19,20,3.9,250,20,7,0.99,0,63.07191028982075,2
Mayurbhanj,Champrai,8.3,290.0,152,108,82,27,10,14,4.2,100,41,7,0.09,1,20.02531594459857,0
Jajpur,Arakhpur,7.58,730.0,379,187,188,36,23,67,1.1,230,89,49,0.3,1,23.70504874501023,0
Angul,Sipur,8.25,390.0,191,150,145,34,16,16,5.7,177,30,3,0.31,1,31.93163510546489,1
Gajapati,Kantragada,6.95,380.0,183,141,97,38,11,17,4.6,118,39,15,0.27,1,17.994900858397894,0
Balasore,Kupari,8.54,350.0,214,163,157,44,13,23,3.2,157,29,11,0.35,0,34.4389683969072,1
Bargarh,Nrusinghanath,7.95,910.0,418,360,262,45,61,34,2.8,320,93,26,0.34,0,33.15256000817441,1
Kalahandi,Bawanipatna,7.42,740.0,387,320,105,78,30,20,1.3,128,157,38,0.09,0,13.719946733307351,0
Mayurbhanj,Kuliana,7.52,210.0,133,69,57,22,4,20,5.0,70,48,0,0.11,1,14.402726015482127,0
Puri,Baleswarpatna,7.52,590.0,306,181,109,54,12,38,4.0,134,55,77,0.15,1,17.424616944859817,0
Sambalpur,Jhankarbahli,8.2,850.0,416,228,307,28,39,92,1.3,375,43,29,1.2,0,72.88594496935588,2
Ganjam,Hummuri,8.63,1700.0,893,386,438,59,58,145,79.0,534,209,82,0.25,0,92.3720006810121,3
Kalahandi,Golamunda,8.44,1460.0,760,185,430,40,21,245,6.1,525,92,39,1.7,0,102.08253951271124,3
Boudh,Kamira,7.91,1080.0,542,335,393,44,55,92,0.8,480,59,55,1.4,0,81.58815673014571,3
Nayagarh,Kanasingi(Rajkiari),7.93,1490.0,782,438,416,71,64,109,47.6,507,192,50,0.55,0,77.90952085167834,3
Ganjam,Gudiali,8.3,1200.0,634,213,358,26,36,185,0.8,436,136,37,1.18,0,72.88252462441731,2
Sambalpur,Majhipal,7.97,120.0,54,33,35,6,5,4,4.7,42,10,2,0.22,1,22.612697266356392,0
Sambalpur,Nagadihi Chawk,8.04,140.0,60,37,45,6,6,8,1.5,55,7,4,0.39,1,28.98261719507373,1
Koraput,Baipariguda,7.23,190.0,95,69,79,24,2,10,1.5,96,10,1,0.12,1,9.752694540609808,0
Kendujhar,Harichandanpur,8.15,725.0,376,285,166,46,41,31,18.0,203,103,36,0.19,0,37.10088961801903,1
Nayagarh,Bherupada,7.9,1580.0,785,438,252,47,79,118,40.7,308,266,84,0.07,0,50.19260487685032,2
Puri,Sadanadapur,8.17,1940.0,1084,291,474,16,60,285,45.9,567,257,142,0.25,0,64.21670748210363,2
Jajpur,Ambasar,7.18,110.0,54,43,25,10,5,4,1.4,31,17,3,0.18,1,11.785604689755976,0
Bargarh,Burda,7.07,490.0,246,152,163,36,15,43,0.0,199,34,21,0.38,1,21.409502821558142,0
Nayagarh,Badapandeswar,7.9,910.0,498,222,193,59,18,59,77.2,236,121,49,0.18,0,77.02293860107216,3
Bargarh,Batetarma,7.22,600.0,318,127,79,42,5,67,14.0,97,101,42,0.23,0,25.240237001259846,1
Mayurbhanj,Jamda,8.43,910.0,514,221,219,39,30,72,59.9,267,106,58,0.14,0,67.40625524876047,2
Sundargarh,R-23 Sector-3,8.56,480.0,241,162,127,43,13,28,10.0,94,60,11,0.19,0,32.00773933710863,1
Dhenkanal,Hatwari,7.58,630.0,306,275,240,56,33,16,2.8,293,43,12,0.23,0,22.684441110145926,0
Angul,Godibandha,7.54,310.0,157,100,85,20,12,21,4.8,104,43,5,0.12,1,15.589983985177376,0
Sonepur,Cherupali,8.26,520.0,269,151,162,50,6,39,3.0,197,50,24,0.66,1,46.38557846541317,1
Cuttack,Netaji nagar,7.25,450.0,223,164,139,34,19,22,10.5,170,42,12,0.2,1,22.246424658298086,0
Sambalpur,Rupapali,8.09,640.0,318,218,149,51,22,44,3.1,182,101,9,0.65,1,45.84872213999696,1
Khordha,B-31 Unit-9,6.82,450.0,242,149,127,38,13,28,8.5,155,45,33,0.08,1,11.209156413981754,0
Khordha,B-48 Dumuduma,6.92,330.0,158,104,100,14,17,25,2.1,122,40,0,0.06,1,5.907261340789935,0
Jajpur,Jajpur,7.6,720.0,379,240,225,67,17,34,22.6,275,65,37,0.11,0,30.952028162085405,1
Khordha,B-15 Bomikhal,7.84,470.0,262,118,121,42,3,43,15.1,148,55,31,0.16,0,27.704228346236054,1
Mayurbhanj,Naujara,8.18,250.0,124,118,104,43,3,1,0.1,127,14,1,0.23,1,22.395441436499592,0
Kendujhar,Akul,7.72,195.0,115,85,59,20,9,8,4.0,72,38,2,0.21,1,20.33491777614176,0
Kendujhar,Mathadai,7.73,345.0,179,175,112,44,16,2,1.4,137,38,10,0.3,1,24.0456390318986,0
Sundargarh,Birangtoli,8.1,350.0,169,158,140,44,12,3,3.2,171,17,6,0.21,1,23.960292283250073,0
Cuttack,Sikharpur,7.44,910.0,454,308,307,64,36,40,48.0,375,72,10,0.13,0,50.958408319669225,2
Mayurbhanj,Jamsola,7.7,220.0,124,59,43,24,0,20,3.7,52,43,8,0.16,1,17.000797245495804,0
Sonepur,Palspada,8.0,730.0,385,332,129,47,51,12,6.6,154,141,53,0.35,0,35.70253035895791,1
Puri,Jogeswarpur,7.75,340.0,196,82,134,12,12,21,35.2,160,29,9,0.05,0,36.44851262830187,1
Balangir,Dumalpada,7.49,440.0,236,124,102,32,11,31,21.3,125,48,32,0.3,0,36.22039881663539,1
Sonepur,Khaliapali,7.94,1040.0,544,354,119,106,21,66,14.0,146,201,64,0.71,0,56.98965389528436,2
Rayagada,Dambasara,7.52,1270.0,656,229,386,49,26,106,86.7,471,127,31,0.28,0,86.86930805097231,3
Cuttack,Bidhyadharpur,7.05,780.0,378,333,269,76,35,19,10.9,328,27,49,0.1,0,18.93163475165562,0
Mayurbhanj,Talia,7.92,460.0,242,158,124,36,17,20,19.6,151,60,20,0.15,0,32.05759528012778,1
Mayurbhanj,Dukura,7.51,330.0,189,94,67,22,10,34,4.1,81,67,10,0.09,1,13.335608341067603,0
Kendujhar,Bimala,7.97,410.0,207,170,112,44,15,5,10.1,137,55,11,0.23,1,29.13377154733813,1
Koraput,Randapalli-Bj-I,7.05,120.0,56,45,45,12,4,5,0.7,55,7,0,0.18,1,10.210846716522637,0
Bargarh,Chuchinda,7.28,470.0,225,176,163,60,6,17,9.0,199,26,9,0.32,1,26.677941393334862,1
Sambalpur,Sahaspur,7.94,3310.0,1553,1262,269,253,154,140,2.0,328,754,89,0.25,0,42.133043775829854,1
Balangir,Dudokasar,8.1,1570.0,789,358,137,70,45,161,26.4,167,322,82,0.27,0,48.46358561066206,1
Sambalpur,Baduapali,8.12,520.0,236,168,187,30,23,25,2.2,228,24,20,0.59,1,42.16275050757477,1
Kendujhar,Katalaposhi,7.96,305.0,174,140,112,42,9,10,3.6,137,38,5,0.29,1,26.5364966712209,1
Sonepur,Nandanmal,7.48,1540.0,765,528,396,129,50,76,3.3,483,241,27,0.86,0,56.21122295729637,2
Nayagarh,Benagadia,8.23,1490.0,855,172,495,55,9,96,232.1,604,116,50,0.37,0,203.5143276760647,3
Ganjam,Dadralunda,8.15,750.0,395,193,267,33,27,82,5.2,325,87,2,0.46,0,39.46006878901279,1
Dhenkanal,Hindol1,7.65,610.0,302,255,185,34,41,20,3.5,226,61,31,0.24,1,24.26542216380124,0
Mayurbhanj,Asanbani,7.75,260.0,135,127,110,29,13,1,0.1,134,12,14,0.13,1,14.614254480003693,0
Sonepur,Subaliya,7.53,560.0,262,230,245,42,30,13,0.5,299,14,13,0.65,0,39.78759738600054,1
Nuapada,Loharpalli,8.2,880.0,439,398,237,39,72,19,2.2,283,151,17,0.32,0,34.49962409888318,1
Ganjam,K.S.Nagar,7.82,2530.0,1378,604,305,94,90,168,171.4,372,593,80,0.13,0,151.74290315221413,3
Kalahandi,Badbasul,8.27,2970.0,1682,450,610,42,84,474,3.4,744,280,434,3.32,0,183.07002162765284,3
Malkangiri,Bejaguda,7.56,340.0,171,129,157,28,15,20,0.4,192,10,3,0.24,1,18.782777923547194,0
Angul,Bagharia,7.57,1070.0,571,330,175,60,44,90,4.3,214,192,76,0.4,0,33.178565795927916,1
Mayurbhanj,Deoli,7.73,260.0,154,89,86,20,10,20,5.0,105,45,1,0.11,1,16.67952957236914,0
Ganjam,Aska,7.81,450.0,251,157,110,43,12,28,8.8,134,68,25,0.38,1,33.80665864793346,1
Jharsuguda,Chadnimal,7.17,200.0,112,90,85,24,7,14,2.2,118,15,2,0.39,1,22.94462376913295,0
Sonepur,Sakama,7.89,1010.0,523,343,100,69,42,64,17.0,122,201,71,0.74,0,60.90318336349205,2
Sambalpur,Badsahir,7.71,1870.0,871,670,289,91,108,86,9.7,352,318,79,0.49,0,48.92422274472775,1
Koraput,Jeypore1,7.22,640.0,303,223,183,48,25,33,0.4,223,86,1,0.11,1,11.360453818408669,0
Kandhamal,Kandhamal-1,8.3,420.0,218,148,118,41,11,20,10.7,142,62,4,0.15,1,28.243148030683475,1
Khordha,B-25 Sainik School,6.94,230.0,126,69,72,14,8,19,3.2,88,35,3,0.05,1,5.590406730641047,0
Kalahandi,Dalguma,8.09,800.0,410,340,285,72,39,20,10.0,348,87,12,0.24,0,33.82233211538032,1
Jagatsinghpur,Nuapole bazar,8.02,330.0,174,139,145,40,9,14,0.7,177,19,3,0.2,1,20.71401413029295,0
Mayurbhanj,Nechuapada,7.48,60.0,125,35,52,8,4,17,3.8,64,22,0,0.08,1,11.377002864722874,0
Puri,Dandamukundapur,7.85,1750.0,867,335,473,76,38,95,138.0,577,182,56,0.18,0,124.77470855315505,3
Jharsuguda,Brajrajnagar,7.4,290.0,137,70,30,20,5,30,3.6,77,35,30,0.14,1,13.850124922975729,0
Balangir,Jamut,8.06,1680.0,1035,269,258,44,39,191,256.0,315,277,74,0.46,0,225.78880953654664,3
Sambalpur,Rairakhol (rampu),8.11,740.0,350,302,189,52,42,22,0.9,231,79,38,0.6,0,43.72290370132611,1
Jharsuguda,Ram kumar Chawk,7.86,600.0,289,254,150,72,18,23,2.8,224,87,1,0.21,1,23.042608344181133,0
Kendujhar,Anandapur,7.67,950.0,507,390,181,120,22,49,1.6,221,158,49,0.13,0,18.679632743151174,0
Angul,Panchmahala,8.04,1200.0,635,270,285,24,51,150,1.3,348,182,56,1.36,0,80.43203747151482,3
Boudh,Boudh,7.62,1450.0,728,435,362,56,72,131,3.8,442,143,105,0.54,0,42.75985096987612,1
Balasore,Bhalukasuni,8.01,75.0,81,35,29,10,2,15,0.5,35,27,0,0.16,1,16.924670851239622,0
Khordha,B-34 Ganga Nagar,7.6,310.0,156,84,111,12,13,29,4.5,135,20,11,0.05,1,12.561792264710467,0
Ganjam,Cheramaria,8.3,750.0,384,157,300,24,24,92,1.0,366,49,15,0.76,0,51.450897713175046,2
Jajpur,Duburi,7.87,500.0,236,150,225,25,21,35,1.1,275,12,6,0.46,0,32.99302390024051,1
Bargarh,Kalapani,7.31,560.0,292,147,178,31,17,46,26.0,217,31,36,0.31,0,39.42903007859944,1
Kandhamal,Lingagada,8.0,500.0,268,184,129,51,13,27,5.8,154,94,2,0.1,1,20.28792180079293,0
Gajapati,Madhuramba,8.1,340.0,156,126,94,28,13,19,1.8,160,24,2,0.36,1,29.638921099684485,1
Sambalpur,Parmanpur,8.3,680.0,331,84,269,13,12,101,0.7,304,41,1,3.6,0,183.8170025590317,3
Angul,Tentulai,7.91,1680.0,830,565,450,50,107,125,1.3,549,222,56,1.11,0,73.10760965893638,2
Balasore,Kunchibenia,7.74,190.0,98,79,33,24,5,3,0.9,41,34,5,0.16,1,15.529246256061114,0
Bargarh,Sulsulia,7.58,850.0,536,402,218,69,56,62,2.0,266,127,90,0.27,0,26.513747075058802,1
Rayagada,Shirikona,7.52,650.0,321,260,277,59,27,31,3.1,338,32,3,0.29,0,24.992879758345442,0
Cuttack,Gopapur,8.01,576.0,334,220,210,34,33,54,0.1,256,82,6,0.47,0,35.15652278517522,1
Angul,Durgapur 1,7.84,1190.0,610,500,340,94,64,42,2.2,415,158,46,0.67,0,49.24296317241805,1
Boudh,Poulam 2,8.14,460.0,235,200,158,48,19,5,11.8,193,33,23,0.29,1,35.20629721053945,1
Gajapati,Chandragiri,7.9,800.0,436,222,136,34,33,65,28.4,166,152,42,1.24,0,91.44137291298529,3
Jharsuguda,Sahaspur,7.81,350.0,181,159,75,44,12,15,0.5,124,57,9,0.17,1,17.572263660363483,0
Sonepur,Antarda,8.02,810.0,446,177,158,54,10,71,34.0,193,133,48,0.9,0,79.3170951721452,3
Nayagarh,Kishore Pra,7.83,1650.0,856,591,267,181,34,101,5.3,326,309,66,0.35,0,36.32869596943314,1
Khordha,Khurda,7.19,340.0,172,114,116,32,8,21,4.2,142,33,4,0.08,1,10.414092095702864,0
Bhadrak,Betaligaon,8.44,750.0,363,134,67,26,17,100,4.5,70,155,95,0.18,1,26.889964950238852,1
Boudh,Nuapada 1,8.22,590.0,259,280,237,30,50,4,1.8,289,19,11,1.2,0,73.62158896024516,2
Bargarh,Mithapali,8.24,730.0,362,153,337,26,22,85,0.9,411,17,10,0.9,0,57.410767180199606,2
Kandhamal,Phiringia-i,8.02,290.0,149,97,118,25,9,18,4.4,142,20,3,0.12,1,19.230820877124298,0
Ganjam,Haldiapadar,8.3,1600.0,881,244,400,35,38,273,4.2,488,240,52,0.88,0,62.34220507237948,2
Ganjam,Suramani,8.01,2950.0,1459,1106,414,96,210,149,6.1,505,653,97,0.49,0,58.203091160797264,2
Nabarangpur,Bhaskel-dam sit,7.63,630.0,307,233,203,52,25,23,12.2,248,52,21,0.35,0,34.915391538071155,1
Ganjam,Golabandha,7.78,1550.0,813,563,166,124,61,80,6.6,203,374,68,0.29,0,34.49942204548742,1
Sonepur,Samae aichuan,8.36,530.0,266,187,131,37,23,34,3.0,136,53,39,0.59,1,44.81288406349659,1
Balangir,Bairasar,7.9,1480.0,761,483,122,100,57,111,3.2,149,337,79,0.55,0,44.27902519603157,1
Ganjam,Golanthara,7.97,900.0,457,279,181,55,34,68,0.9,221,160,30,0.27,1,26.73091080128741,1
Sonepur,Saledi,8.14,890.0,456,312,92,56,42,51,17.0,113,181,54,0.38,0,45.54206544509066,1
Balangir,Belpara,8.24,600.0,291,214,219,40,28,40,1.1,268,20,30,1.51,0,86.54149351948796,3
Khordha,B-20 Palasuni (NH-5),7.74,510.0,260,198,165,48,19,24,1.3,201,43,26,0.17,1,18.596878935243566,0
Rayagada,Kaliapada,7.07,170.0,82,54,59,10,7,12,1.1,72,15,0,0.5,1,26.047258600890977,1
Balangir,Jorpada,8.09,440.0,203,174,166,36,21,18,1.9,202,23,5,0.91,1,56.599895994228106,2
Dhenkanal,Kandarsingha,7.31,4420.0,2335,1945,85,497,171,118,2.9,104,1410,85,0.75,0,68.55370966185174,2
Jagatsinghpur,Balikuda,7.94,390.0,208,29,153,4,5,70,2.2,187,26,8,0.55,1,36.79070173680724,1
Bhadrak,Durgapur,8.5,1006.0,572,213,290,54,19,77,97.8,337,148,45,0.19,0,98.10083838643727,3
Boudh,Manamunda,8.03,290.0,153,130,94,44,5,4,1.3,115,24,18,0.32,1,26.499519979892312,1
Kandhamal,G.Udaigiri,7.9,600.0,319,179,191,61,6,55,1.8,228,79,4,0.11,1,16.982596122193836,0
Bargarh,Kusanpur,7.45,270.0,877,466,153,111,45,171,4.0,187,375,80,0.61,0,43.55403907243099,1
Angul,Bamur,7.8,470.0,204,187,154,30,27,20,1.1,188,42,18,0.97,1,56.78477635150186,2
Ganjam,Nuagaon,8.11,900.0,489,340,324,61,46,55,22.0,395,90,22,0.51,0,56.16289515895519,2
Koraput,Burja,7.37,640.0,306,172,139,39,18,29,38.2,170,98,1,0.11,0,39.58342821082617,1
Nuapada,Sahipala,8.3,1390.0,739,255,515,59,26,198,5.2,616,149,0,0.08,0,24.813319404570148,0
Nayagarh,Adakata,7.12,500.0,246,172,109,32,23,34,1.8,133,76,14,0.27,1,18.30822738161047,0
Bargarh,Uttam,7.15,780.0,484,245,282,54,27,68,56.0,344,75,35,0.42,0,67.26671836527666,2
Bargarh,Remenda,7.49,640.0,286,157,144,33,18,57,4.0,175,60,29,0.48,1,32.79308099090371,1
Angul,Amna,8.21,680.0,321,205,300,20,38,60,2.8,366,8,13,1.33,0,79.68441273464278,3
Koraput,Sasanhandi-ii,7.29,130.0,61,54,55,10,7,3,1.1,67,7,0,0.13,1,10.364850124979586,0
Sonepur,Kartanga,8.16,270.0,131,109,85,29,9,10,2.0,103,18,12,0.72,1,46.878704970340884,1
Sambalpur,Naxapali,8.05,1890.0,883,679,368,71,123,96,2.9,449,270,92,1.0,0,71.76734555588673,2
Balasore,Sunhat,8.56,650.0,303,243,195,77,12,27,15.1,209,56,41,0.19,0,36.82599053149795,1
Cuttack,Belasahi,7.09,1010.0,537,259,331,68,22,65,58.0,404,74,53,0.2,0,58.060619967240086,2
Angul,Sendhogram,7.81,820.0,428,200,245,24,34,95,2.2,299,82,44,1.59,0,88.1178276563929,3
Balasore,Mitrapur,8.03,100.0,73,45,33,12,4,10,1.1,41,24,2,0.12,1,15.83995376986603,0
Sambalpur,Dhanakauda,7.36,620.0,307,223,125,30,36,34,6.9,152,77,48,0.55,1,38.39806040345013,1
Ganjam,Nuapalli,8.03,450.0,247,198,138,37,26,23,1.4,168,66,12,0.36,1,30.218228748729466,1
Ganjam,Narendrapur,8.02,350.0,200,178,124,45,16,12,0.4,151,44,9,0.29,1,25.360392425424788,1
Ganjam,Mujhagarh,7.96,975.0,549,198,190,47,20,143,2.0,232,197,27,0.32,0,28.913504545882986,1
Nabarangpur,Sonamasigan,7.89,440.0,209,223,199,40,30,4,0.8,243,12,3,0.14,1,18.649493698940013,0
Malkangiri,M.V.9,7.67,690.0,340,262,252,50,34,33,3.7,307,43,26,0.15,0,20.413269191959078,0
Ganjam,Khalikot,7.97,770.0,424,259,224,47,34,68,1.7,273,112,28,0.24,0,25.775717985143977,1
Nuapada,Patparpalli,8.3,340.0,167,122,129,37,7,18,3.3,154,20,6,0.39,1,33.65724275872728,1
Khordha,B-05 Rath Road,7.9,580.0,307,198,209,38,25,33,14.6,255,50,21,0.25,0,33.9494603418024,1
Malkangiri,Korukonda 1,7.87,1090.0,546,356,375,58,52,49,52.5,458,59,51,0.21,0,63.120893102332694,2
Nuapada,Somarsingh,8.3,1030.0,551,403,299,94,40,48,7.2,357,166,21,0.07,0,26.41173760825503,1
Sambalpur,Gargarbahal,8.02,400.0,181,130,154,45,5,14,4.5,188,17,3,0.29,1,27.599066410565367,1
Gajapati,Ladruma,8.14,300.0,144,116,102,24,13,14,2.0,124,29,1,0.13,1,19.15937331321433,0
Balangir,Ampali(Rampur Ampali),8.28,410.0,227,114,78,30,10,28,17.9,95,68,27,0.4,0,44.80071986033308,1
Sonepur,Gahmaripali,7.81,470.0,233,135,119,33,13,43,4.0,146,68,1,0.45,1,33.43193155517287,1
Mayurbhanj,Kherna,8.15,430.0,224,167,143,27,24,20,1.5,174,50,16,0.13,1,20.06012135091738,0
Sambalpur,Taipali,8.16,470.0,229,186,194,39,22,17,2.9,237,17,15,0.38,1,33.20065098074514,1
Puri,Nimapara(Patapur),7.94,390.0,207,122,129,33,10,27,6.9,154,43,12,0.13,1,21.291360402289637,0
Sonepur,Arjunpur,7.28,870.0,446,198,254,48,19,80,26.0,310,118,3,0.68,0,57.679973560541164,2
Mayurbhanj,Kaptipada,8.1,300.0,174,124,109,30,12,20,2.9,134,24,20,0.24,1,24.826420254080332,0
Sambalpur,Paruabhari,7.79,1190.0,542,321,179,76,32,90,6.2,219,179,50,1.0,0,64.06938552104924,2
Kendujhar,Muktapur,8.14,375.0,211,165,117,40,16,21,0.3,143,53,10,0.48,1,35.15887662161402,1
Puri,Delang,7.81,1130.0,550,265,269,63,28,72,57.3,328,120,49,0.19,0,63.27602401600689,2
Khordha,B-21 Haridaspur,7.76,400.0,207,143,127,40,10,21,6.7,155,38,15,0.19,1,22.61242313493691,0
Sambalpur,Baijamunda,7.88,1550.0,783,505,341,57,89,105,1.9,416,256,71,1.1,0,71.22298618134226,2
Koraput,Soguru,6.71,220.0,112,79,85,18,8,12,4.1,104,19,0,0.11,1,7.243798346267185,0
Nuapada,Deobahal,8.0,520.0,277,250,165,67,19,3,5.3,197,40,46,0.24,1,27.425375200574475,1
Balasore,Bhagabondh,8.3,850.0,420,223,195,48,26,61,51.0,238,117,35,0.27,0,65.57973444208669,2
Balangir,Chhatamakna,7.4,520.0,250,194,229,50,17,22,6.5,280,20,-3,0.8,0,49.31229852331335,1
Sambalpur,Sason 1,7.95,380.0,186,144,139,24,20,17,3.7,170,14,22,0.51,1,37.48064671805109,1
Kalahandi,Moter,8.02,460.0,227,165,205,46,12,24,8.2,250,14,0,0.74,0,52.328919053251695,2
Dhenkanal,Dhaulpur,8.2,1300.0,710,465,240,110,46,83,0.8,293,184,142,0.67,0,50.28526187688174,2
Dhenkanal,Parjang1,8.03,580.0,303,175,155,50,12,49,2.8,189,61,35,0.91,1,56.635545193189756,2
Kalahandi,Baldiamal,7.48,1000.0,496,365,340,46,61,59,5.0,415,87,35,0.71,0,48.74658286764958,1
Sambalpur,Bhabanipali,7.8,880.0,392,339,299,54,50,25,1.8,364,29,50,0.91,0,57.466372042614495,2
Ganjam,Patrapur,8.01,650.0,294,228,210,49,26,0,0.0,256,75,19,0.58,0,39.937438695468444,1
Ganjam,Pochilima,7.97,930.0,511,213,176,51,21,85,44.0,215,160,45,0.23,0,55.6208283835417,2
Nuapada,Gotama,8.3,570.0,321,173,180,39,18,50,3.0,216,20,86,0.46,1,38.18883590241319,1
Nuapada,Kurumpuri,8.1,1310.0,769,367,278,43,62,69,110.4,333,261,60,0.19,0,107.36254989772083,3
Puri,Chandanpur,7.47,350.0,201,135,159,41,9,19,9.0,194,24,4,0.12,1,18.584176121157878,0
Kendujhar,Kendeiposhi,8.24,360.0,203,150,117,34,16,25,0.5,143,50,8,0.86,1,53.92193161744331,2
Sambalpur,Remerha,8.12,530.0,264,188,182,48,17,27,3.5,223,38,21,0.44,1,36.01301845440828,1
Mayurbhanj,Bahalda Road(kona),8.06,560.0,300,230,170,24,41,20,4.0,207,55,54,0.54,1,41.96271840999815,1
Koraput,Dumuriput,7.18,110.0,52,48,45,6,8,2,1.1,55,7,0,0.06,1,6.091274228504741,0
Cuttack,Brahmanojarilo,7.19,230.0,118,70,58,22,4,20,0.8,70,32,5,0.06,1,6.189910562678446,0
Bargarh,Larambha,7.47,310.0,195,98,114,23,10,39,4.0,139,26,24,0.18,1,17.35277794053004,0
Nuapada,Ranipur,8.0,1210.0,624,296,469,22,57,141,3.3,561,87,38,0.52,0,42.81537858865202,1
Cuttack,Nuagarh,6.9,320.0,168,125,91,30,12,7,15.3,111,22,27,0.16,0,20.118246495802275,0
Bargarh,Kharmanda,7.01,1980.0,901,544,257,152,39,146,2.0,314,329,79,0.28,0,23.728868118869727,0
Cuttack,Khannagar,6.54,500.0,254,179,100,48,15,30,5.5,122,79,17,0.07,1,6.493367845304401,0
Balangir,Jogisarda,8.22,360.0,209,119,151,54,-4,31,1.0,184,33,4,0.65,1,43.25192434029433,1
Malkangiri,M.V1- 19,7.77,540.0,262,213,202,56,18,21,3.7,247,40,2,0.4,0,31.623830143813564,1
Kendrapara,Duhuria,7.42,1530.0,804,299,178,48,44,210,1.7,217,310,85,0.16,0,19.135104148710848,0
Sambalpur,Jujumura,8.05,820.0,397,302,204,69,32,36,3.9,249,74,57,0.71,0,50.39733911372761,2
Sundargarh,R-01 Jalda C-Block,8.17,760.0,398,270,192,45,38,47,5.6,234,82,65,0.99,1,65.79929628752183,2
Gajapati,Applanandupeta,8.05,680.0,358,152,213,18,26,60,30.5,260,68,28,0.9,0,77.37134398270922,3
Cuttack,Jagatpur 2,7.03,660.0,351,275,145,80,18,21,8.5,177,53,84,0.12,0,16.402974941529482,0
Cuttack,Sekh bazar,6.73,230.0,119,110,91,22,13,7,2.1,111,17,3,0.23,1,12.078270549171428,0
Khordha,B-45 Delta Square,7.13,380.0,209,94,61,22,9,39,7.9,74,70,24,0.07,1,12.006730329690798,0
Bargarh,Gaisilet3,7.36,2880.0,1482,549,248,54,102,403,3.0,302,675,97,0.8,0,56.1374143675433,2
Ganjam,Kukudahandi,8.07,340.0,195,132,148,37,10,24,8.0,180,27,1,0.17,1,25.15534447294732,1
Rayagada,Chakunda,7.11,430.0,221,125,188,35,9,41,0.9,229,22,1,0.39,1,22.398550882159725,0
Malkangiri,Khairput1,7.73,770.0,362,287,158,75,24,35,2.5,193,107,24,0.26,1,24.787613746141012,0
Bargarh,Jamurda,7.34,420.0,221,132,129,40,7,31,10.0,157,26,30,0.33,1,27.986491137643977,1
Cuttack,Telengapentha,7.3,510.0,265,154,154,48,8,33,10.4,187,50,24,0.12,1,18.44387275943206,0
Sundargarh,R-09 Power House Road,8.07,570.0,292,216,159,47,24,29,4.1,194,53,40,0.22,1,26.185219886798016,1
Angul,Jagannathpur,7.62,570.0,277,225,195,36,33,22,5.8,238,56,8,0.18,1,22.275453576403127,0
Mayurbhanj,Rajabasa,8.33,400.0,247,178,185,56,10,20,5.0,226,38,7,0.26,1,29.95555889551504,1
Puri,Shree Vihar,7.88,230.0,129,99,96,18,13,15,1.7,117,17,6,0.16,1,18.015945490163116,0
Dhenkanal,Mathakaragola,7.22,140.0,67,60,40,20,2,2,1.9,49,17,0,0.13,1,10.176366276938685,0
Mayurbhanj,Shamakhunta,8.25,440.0,242,203,157,46,22,20,3.0,192,57,15,0.23,1,27.043075004450927,1
Jharsuguda,Panchagaon,7.77,160.0,90,60,35,22,1,14,1.3,60,30,3,0.33,1,23.779293638198045,0
Angul,Kulad,7.53,2880.0,1505,900,350,140,134,244,5.2,427,758,15,1.48,0,95.42858814252119,3
Bhadrak,Sabrang,8.44,450.0,267,163,157,26,24,21,8.2,180,29,20,0.89,1,63.26506518440397,2
Puri,Gaudabadasahi,7.8,950.0,455,292,250,36,50,66,12.0,305,101,40,0.15,0,28.806096699752075,1
Balasore,Baband,8.25,920.0,464,233,181,30,39,82,24.7,221,163,55,0.39,0,52.197181696908864,2
Bargarh,Bhatli 1,7.03,680.0,328,196,149,54,15,52,6.0,181,75,37,0.29,1,21.78301435305127,0
Sambalpur,Maltisubanpur,8.21,920.0,455,356,283,75,41,31,27.6,346,74,36,0.24,0,48.10121857572242,1
Malkangiri,Somnathpur 1,7.87,460.0,227,188,204,40,22,22,1.7,249,14,5,0.63,0,41.73001761687099,1
Jharsuguda,Jamkani(Arda),7.15,950.0,457,299,35,88,19,74,4.5,150,203,52,0.41,0,28.450350752354183,1
Nuapada,Padmapur,8.2,610.0,308,214,211,41,27,40,0.6,253,69,6,0.36,0,31.552887083612482,1
Bhadrak,Adasasan,8.09,365.0,295,114,105,32,9,21,1.6,128,49,2,0.42,1,32.12690477464189,1
Puri,ITI Chhak,7.91,1200.0,533,317,254,79,29,72,25.1,310,124,52,0.09,0,36.06081715222035,1
Kendujhar,Ghatgaon,7.9,715.0,369,255,166,40,38,46,6.2,203,105,35,0.17,1,25.05880256225841,1
Kandhamal,Dubagarh,8.2,1050.0,582,107,407,29,9,155,59.2,487,89,3,0.15,0,64.41800242401806,2
Dhenkanal,Balrampur,7.92,290.0,140,110,115,28,10,13,2.8,140,15,2,0.24,1,22.983186417573627,0
Angul,Tubey,7.84,600.0,298,210,185,28,34,40,1.3,226,72,12,0.36,1,29.24144061792647,1
Kalahandi,Narla,7.72,950.0,481,380,195,50,62,41,3.9,238,163,45,0.82,0,54.84247886414205,2
Boudh,Udaypyr,8.27,700.0,340,325,311,66,39,9,2.4,379,26,11,0.88,0,59.68938301891011,2
Cuttack,Nimpur,7.01,470.0,237,164,139,52,8,28,6.1,170,40,20,0.05,1,9.537188481555356,0
Bargarh,Kharmanda,7.75,1180.0,559,314,213,67,35,98,11.0,260,153,67,3.08,0,165.5452661876938,3
Koraput,Bajiguda,7.06,200.0,95,59,45,22,1,9,6.3,55,29,1,0.09,1,10.244749583708016,0
Nayagarh,Takara,8.19,750.0,344,282,200,42,44,38,5.0,244,86,27,0.57,1,45.98823625231639,1
Puri,Garapada,7.67,1430.0,759,377,498,47,68,120,39.0,608,110,34,0.22,0,53.74269662666924,2
Sambalpur,Bamra,7.78,1440.0,712,474,214,154,22,89,5.7,261,220,93,0.27,0,30.547293769532043,1
Kendujhar,Udaipur,7.72,155.0,96,55,49,14,5,16,0.7,60,26,5,0.12,1,13.187544597658007,0
Bhadrak,Balipatna,8.3,290.0,165,119,100,38,6,20,0.3,122,41,10,0.72,1,46.8935642943614,1
Angul,Kumunda 1,7.91,710.0,367,210,130,38,28,63,2.8,159,82,75,0.64,1,43.97910926111324,1
Bargarh,Bheden 1,7.05,1220.0,611,446,144,115,38,59,2.0,175,264,48,0.73,0,43.35044936607286,1
Mayurbhanj,Krishnachandrapur,7.44,165.0,134,54,57,10,7,20,5.0,70,33,0,0.11,1,13.675354212608804,0
Malkangiri,Kumbharguda,7.85,440.0,224,168,194,58,6,23,1.3,237,17,2,0.47,1,32.867631193183534,1
Gajapati,Adaba,7.99,300.0,136,116,92,18,17,13,1.8,112,26,5,0.23,1,22.61165399604923,0
Nayagarh,Durgaprasad,7.87,1500.0,808,510,157,87,72,100,3.5,192,366,80,1.48,0,89.12769897737802,3
Nabarangpur,Papadahandi1,7.75,840.0,421,277,270,71,24,48,29.6,329,62,25,0.4,0,51.844180233836795,2
Koraput,Boriguma,7.5,230.0,114,85,84,29,3,12,3.3,102,17,0,0.13,1,14.026545828065114,0
Ganjam,Surangi,8.27,920.0,484,264,224,65,25,48,57.0,273,126,30,0.32,0,72.51633727023982,2
Khordha,B-42 Kargil Basti,6.98,480.0,242,129,143,20,19,47,4.7,174,63,3,0.07,1,9.393946054559658,0
Mayurbhanj,Kendumundi,7.51,370.0,180,181,82,39,20,1,0.1,100,70,1,0.15,1,14.298632852690522,0
Bargarh,Jagalpet,7.78,1760.0,816,446,262,88,55,135,31.0,320,261,88,3.54,0,204.87882068012334,3
Khordha,B-02 Samantarapur,7.74,320.0,159,114,99,26,12,18,3.9,121,28,12,0.29,1,24.776237759260823,0
Sundargarh,Rangiamunda,7.92,330.0,173,101,75,29,7,23,1.9,92,48,19,0.18,1,19.284982678913565,0
Nayagarh,Darpanarayanpur,7.86,230.0,109,64,30,14,7,17,3.5,36,45,6,0.1,1,15.604442330080277,0
Sambalpur,Baragoan,8.34,570.0,257,233,216,67,16,11,7.7,217,19,6,0.43,0,40.77928428348104,1
Sambalpur,Amlipani,7.96,300.0,133,112,119,28,10,10,1.6,146,7,4,0.53,1,36.10705494261639,1
Ganjam,Ratanpur,8.1,400.0,232,137,153,41,8,37,3.2,186,41,11,0.26,1,26.17750657589902,1
Kendujhar,Patilo,8.08,650.0,353,215,181,40,28,36,25.3,221,98,18,0.21,0,41.719645146288805,1
Puri,Grand Road,7.98,1400.0,580,292,283,63,33,94,47.3,346,163,10,0.04,0,50.756768880748446,2
Khordha,B-14 Rasulgarh,7.64,460.0,239,172,154,44,15,24,1.2,188,33,30,0.17,1,17.240983567116345,0
Koraput,Khaliaguda,7.03,140.0,64,59,59,8,10,3,3.5,72,5,0,0.1,1,8.749153645778055,0
Nayagarh,Gholahandi,7.79,260.0,123,99,104,20,12,14,0.6,127,14,1,0.33,1,24.449483353557078,0
Gajapati,Kirema,7.87,520.0,250,207,82,40,26,22,2.9,101,105,4,0.16,1,20.472505906491897,0
Ganjam,Kalamb,8.3,2200.0,1180,370,590,71,47,210,148.8,720,291,59,0.11,0,134.87241987423073,3
Balangir,Gaintala,8.12,1010.0,528,328,122,70,38,71,15.3,149,186,75,0.52,0,50.996143705435955,2
Nabarangpur,Udaipur,7.74,730.0,378,208,250,60,14,22,62.9,305,55,14,0.33,0,71.78581737158211,2
Jagatsinghpur,Raghunathpur,7.96,360.0,171,115,120,29,10,12,20.1,146,22,6,0.11,0,30.016224447540985,1
Cuttack,Manguli,7.24,1320.0,645,363,300,40,64,109,34.5,366,167,52,0.39,0,53.75424973046811,2
Jharsuguda,Bhikhampali,7.8,590.0,284,204,150,40,25,39,1.1,176,69,23,0.71,1,44.72666762336693,1
Kendujhar,Malliposi,7.61,225.0,136,65,54,16,6,21,9.0,66,43,8,0.12,1,18.600862728514794,0
Kendrapara,Jamdhar,7.63,2510.0,1325,204,302,24,35,470,4.0,369,536,75,0.22,0,26.03778650412952,1
Angul,Thakurgarh 1,7.87,910.0,438,263,284,53,32,86,1.0,346,89,39,0.89,0,55.33647072992551,2
Bargarh,Kantabahal,7.73,1000.0,473,279,272,38,45,96,1.0,332,98,33,0.62,0,42.10120876812955,1
Cuttack,Balikuda 2,6.93,620.0,308,239,182,54,25,32,2.8,223,50,35,0.12,1,11.342889707462005,0
Puri,Sorbodaya Nagar,8.06,1100.0,503,243,216,53,27,87,20.6,264,136,50,0.07,0,32.222057502780245,1
Puri,Rebananuagaon,8.13,1670.0,926,260,319,51,32,215,81.8,382,224,135,0.08,0,80.0345310909185,3
Koraput,Mundaguda,6.86,100.0,51,40,35,12,3,3,1.1,43,10,0,0.16,1,7.863350200128679,0
Puri,Gokhara,7.78,250.0,133,71,67,22,4,20,7.3,80,38,3,0.14,1,19.708438945399312,0
Kendujhar,Gajitangri,7.31,200.0,92,60,44,16,5,10,5.4,54,29,1,0.19,1,16.546391032265426,0
Sambalpur,Goudpalli,8.27,650.0,311,223,168,55,21,39,3.9,205,79,12,0.36,1,34.2972690028834,1
Jharsuguda,Katarbaga,7.55,300.0,187,124,145,20,18,30,9.0,170,25,9,0.36,1,30.769766630238465,1
Angul,Samal,8.08,580.0,282,125,200,20,18,72,3.5,244,21,28,1.52,0,86.26457825793943,3
Bargarh,kulunda,7.35,560.0,302,152,149,38,13,53,19.0,181,54,36,0.34,0,35.827659704549454,1
Sambalpur,Dandeipalli,7.9,300.0,131,102,100,22,11,10,4.4,121,12,11,0.45,1,33.798292162671885,1
Kendrapara,Daliji,7.89,1620.0,863,90,394,12,15,321,9.2,480,186,85,0.41,0,38.30377973023884,1
Khordha,B-12 Laxmi Sagar,7.69,430.0,238,119,121,32,9,35,11.9,148,50,27,0.21,1,26.638198875905506,1
Sundargarh,R-38 Kalunga,8.24,340.0,173,152,77,51,6,6,2.4,94,53,9,0.23,1,25.023410285433506,1
Nuapada,Junen,8.12,1630.0,925,362,644,88,34,126,139.0,770,119,42,0.22,0,130.19058570152032,3
Sambalpur,Gutanpada,8.2,930.0,423,337,379,28,66,42,2.7,463,48,9,0.68,0,51.536288376629685,2
Koraput,Teraguda,6.99,120.0,53,50,50,8,7,3,1.0,61,5,0,0.13,1,7.725940318886879,0
Bargarh,Grinjal,7.87,2310.0,1229,304,297,42,49,220,229.0,362,424,88,0.82,0,222.65775852772325,3
Khordha,B-17 Satya Nagar,7.82,410.0,218,104,99,22,12,38,11.1,121,58,18,0.07,1,20.439971658462547,0
Nayagarh,Odagaon,7.67,650.0,308,231,134,35,35,37,5.1,163,97,19,0.26,1,26.011351022098367,1
Nayagarh,Jogibandh,8.15,1170.0,561,497,431,99,62,32,6.7,525,88,17,0.87,0,64.61019395257881,2
Dhenkanal,Muktaposi,7.86,1080.0,554,415,150,106,36,56,1.5,183,192,72,0.4,0,33.730656836996125,1
Nayagarh,Madhyakha,8.23,820.0,409,251,342,37,39,70,0.3,417,40,18,1.2,0,72.62609566945952,2
Sonepur,Barkarle,7.65,880.0,468,234,166,50,27,68,14.0,202,143,68,0.68,0,52.42976150141935,2
Nabarangpur,Dondasora,7.88,350.0,171,144,87,30,17,8,1.2,106,10,53,0.34,1,26.789273154056765,1
Koraput,Podagada,7.3,390.0,182,163,183,28,23,11,2.5,223,7,1,0.11,1,12.713687847387629,0
Mayurbhanj,Dantiamuhan,7.8,200.0,131,64,67,14,7,20,13.4,81,33,7,0.13,0,23.947725869712713,0
Mayurbhanj,Bademtolia,8.44,560.0,270,235,126,31,38,20,0.5,154,60,21,0.19,1,25.712940177646214,1
Mayurbhanj,Nischintapur,8.18,890.0,429,397,148,59,61,20,0.2,180,154,47,0.21,0,27.029300855907078,1
Kendujhar,Dhenkikot,7.98,460.0,256,175,108,42,17,31,4.9,132,77,19,0.13,1,20.918346652129358,0
Jajpur,Garmian,7.4,90.0,45,29,20,8,2,5,1.0,24,14,3,0.09,1,8.783482287034422,0
Sonepur,Dunguripali,7.59,470.0,235,158,185,40,14,29,4.1,226,26,9,0.62,1,40.07920440750111,1
Dhenkanal,Bandhnuagaon,7.74,440.0,220,175,110,30,24,19,0.8,134,72,8,0.22,1,20.333193635282658,0
Balangir,Jhankarpali,8.23,470.0,232,164,161,44,13,31,1.1,196,40,6,0.53,1,38.89257396807283,1
Balangir,Atgan,8.25,460.0,241,139,102,32,15,27,21.9,125,58,26,0.38,0,47.05466337595744,1
Nuapada,Sanmaheswar,8.3,570.0,284,250,216,35,39,16,1.6,259,17,49,0.92,0,60.27326658226195,2
Balasore,Jodibali,8.46,750.0,344,188,143,38,23,45,18.5,157,109,35,0.24,0,40.801208371863176,1
Nuapada,Sirthol,8.21,880.0,546,270,149,51,34,76,3.1,179,111,138,0.21,0,27.572569889359603,1
Nabarangpur,Baksaguda,7.95,470.0,232,129,158,26,16,32,14.8,193,43,5,0.26,0,33.750711043406184,1
Gajapati,Narayanapur,7.83,200.0,96,66,73,16,6,11,3.0,89,16,1,0.16,1,17.857935460661086,0
Kendrapara,Kajala,7.32,500.0,246,179,163,30,25,32,1.8,199,37,22,0.11,1,12.689737252747472,0
Bargarh,Bargarh 1,7.19,1350.0,671,353,252,98,26,107,3.0,308,220,66,0.74,0,44.98603250176835,1
Gajapati,K.sitapur,8.47,1250.0,624,212,393,20,39,186,0.8,479,142,2,0.67,0,50.39677969882059,2
Sambalpur,Jamankira 1,7.98,380.0,194,107,95,24,11,36,2.3,115,43,21,0.74,1,46.80037710406834,1
Bargarh,Bhukta,7.38,650.0,331,201,168,36,27,47,7.0,205,80,33,0.67,1,43.920611965489734,1
Angul,Angul1,7.73,980.0,506,330,205,60,44,72,0.8,250,184,23,0.55,0,38.87626010585408,1
Nayagarh,Kalyanpur,8.24,1890.0,965,428,653,73,61,223,4.8,797,185,27,1.8,0,108.94162125878546,3
Balangir,Agalpur,8.39,890.0,467,229,195,60,19,77,30.9,214,108,55,0.33,0,54.17008470476882,2
Sundargarh,Rajgangpur,7.37,1500.0,781,576,185,138,56,68,4.4,226,345,58,0.21,0,25.56371217531278,1
Koraput,Panchada,7.11,180.0,81,79,79,14,11,3,0.4,97,5,0,0.16,1,10.253766129810643,0
Boudh,Gohipita,7.84,1250.0,669,390,326,112,27,60,80.0,398,140,55,0.29,0,86.26075299952421,3
Puri,Chhapanachhak,7.75,840.0,363,198,182,14,40,61,15.5,223,108,15,0.17,0,30.30903597730753,1
Balasore,Gadasahi,8.46,350.0,239,149,143,20,24,16,5.1,163,24,4,0.38,1,36.82976502535965,1
Gajapati,Minigaon,8.21,420.0,185,157,155,18,27,22,0.7,189,24,0,0.65,1,44.46752190857739,1
Bargarh,Chaklifarm,7.45,290.0,150,118,109,36,6,12,2.0,133,18,10,0.36,1,24.024596551293712,0
Sundargarh,Rabandihi,8.25,270.0,125,100,99,27,8,14,1.4,130,14,1,1.0,1,60.302707433419464,2
Nayagarh,Kuanria,7.93,1530.0,746,495,162,81,72,100,3.2,197,373,86,1.61,0,95.42759766055654,3
Sonepur,Metkani,7.52,3720.0,1769,1665,116,173,300,76,20.0,141,1065,67,1.5,0,120.00555999939994,3
Puri,Chhanijanga,7.82,790.0,460,121,269,45,2,41,132.0,328,41,38,0.1,0,111.48662929308624,3
Jajpur,Baruda,7.94,1510.0,760,139,695,13,26,261,0.9,848,29,10,1.1,0,66.43362606096787,2
Puri,Pratapramchandrapur,8.14,440.0,238,153,139,37,15,20,14.3,166,55,15,0.06,0,25.63796175293528,1
Sundargarh,Durubaga,7.77,220.0,115,67,35,19,5,15,6.8,43,38,9,0.06,1,15.368697715835681,0
Sambalpur,Bampei,7.88,460.0,200,177,124,37,20,11,0.9,152,29,26,0.31,1,25.66725742907469,1
Kendujhar,Badbil,7.81,175.0,100,55,54,16,4,16,1.3,66,31,0,0.12,1,14.363068129229257,0
Rayagada,Kashipur,6.87,980.0,455,307,193,75,29,57,5.1,235,171,2,0.18,0,16.45114505415688,0
Kendrapara,Nikrai,7.05,950.0,497,249,178,48,31,67,57.2,217,146,41,0.06,0,50.28864082613616,2
Koraput,Miriguda,7.08,290.0,143,89,80,10,16,18,10.3,98,40,0,0.19,1,19.1439003707072,0
Puri,Juinti,8.3,1120.0,650,179,350,37,21,69,180.3,419,98,40,0.02,0,149.14342862973638,3
Kandhamal,Sudrukumpa,8.2,230.0,120,77,72,16,9,15,4.1,86,25,9,0.13,1,20.613137589064404,0
Gajapati,Badakhoni,8.34,780.0,444,141,243,20,22,20,153.4,254,55,29,0.46,0,149.3275698086911,3
Gajapati,Sebakpur,8.31,1100.0,611,303,257,97,15,55,91.4,260,152,47,0.29,0,96.98002063132596,3
Bargarh,Purrakhai,7.57,980.0,570,172,183,36,19,104,85.0,223,148,68,0.28,0,84.53323487529073,3
Ganjam,Gangapur,8.08,450.0,213,152,143,39,13,27,1.0,174,39,8,0.29,1,26.060840079060814,1
Puri,Baliguari,7.35,630.0,320,177,169,54,11,38,28.5,206,48,40,0.12,0,32.69328799762919,1
Sundargarh,Suruguda,8.21,390.0,198,154,150,40,13,9,9.9,183,19,17,0.18,1,28.49013582596208,1
Dhenkanal,Baldiabandh,7.41,320.0,155,115,95,18,17,18,1.8,116,43,0,0.13,1,13.118847660202716,0
Dhenkanal,Bhapur2,7.92,520.0,238,185,200,30,27,30,3.9,244,26,2,0.27,1,26.982258673068074,1
Bargarh,Sikirdi,7.64,280.0,141,88,94,25,6,18,2.0,115,18,16,0.33,1,23.919748189699508,0
Gajapati,Garabandha,8.08,1450.0,731,379,257,38,68,156,2.9,314,310,3,1.04,0,68.50518624944347,2
Sonepur,Jatesingha,7.37,980.0,516,218,196,67,13,93,20.0,240,201,6,0.57,0,48.78874947388563,1
Dhenkanal,Rasol,7.6,1020.0,487,460,105,56,78,20,2.5,128,221,47,0.22,0,25.58219651585617,1
Rayagada,Kenduguda,7.01,1240.0,595,316,272,67,36,102,1.2,332,203,23,0.37,0,24.667000676766367,0
Deogarh,Talimunda,8.52,420.0,196,174,151,40,18,15,2.6,155,28,2,0.43,0,37.82944446001205,1
Cuttack,Choudwar,7.57,284.0,123,105,40,26,10,1,5.3,49,40,17,0.13,1,16.44669285987427,0
Khordha,B-26 Gadakana,7.01,200.0,99,54,44,12,6,19,2.4,54,30,3,0.04,1,4.7881916865012135,0
Puri,Bisimatri,7.33,492.0,237,158,179,58,4,22,8.0,219,29,9,0.1,1,15.868092801057017,0
Cuttack,Dimiri,6.82,290.0,142,100,101,26,8,19,3.6,123,25,0,0.16,1,10.432018464881038,0
Mayurbhanj,Tiring,8.26,730.0,374,225,170,45,27,63,0.5,207,65,72,0.91,1,58.12398406499675,2
Rayagada,Akhusingi,7.88,1220.0,570,383,292,33,73,97,3.5,356,154,35,0.38,0,36.1243019413939,1
Koraput,Koraput-ii,7.13,140.0,66,59,54,10,8,4,1.5,66,10,0,0.12,1,8.940598933986832,0
Balasore,Remuna,8.61,950.0,556,312,261,89,22,47,86.4,273,131,45,0.2,0,91.82373130365696,3
Mayurbhanj,Manitri,8.1,340.0,186,119,128,38,6,19,5.0,157,33,4,0.24,1,26.144160278994175,1
Boudh,Sarsara,8.09,1060.0,511,490,321,44,92,16,1.0,392,113,53,0.14,0,26.219391097083278,1
Koraput,Kakriguma,7.49,590.0,284,223,233,52,23,32,1.5,284,31,6,0.12,0,14.912643911919044,0
Angul,Srirampur,7.88,390.0,196,160,105,36,17,15,1.2,128,60,4,0.27,1,23.675539042569486,0
Mayurbhanj,Baripada,7.27,490.0,268,149,114,34,16,38,5.0,139,69,18,0.09,1,12.977772739533826,0
Boudh,Usbelika,7.88,710.0,329,330,173,50,50,6,5.5,211,78,36,0.44,0,38.09319312013636,1
Balasore,Nilagiri,8.2,1150.0,637,238,233,54,26,101,94.5,285,221,1,0.28,0,97.85902261746965,3
Sambalpur,Bhoipali,8.26,890.0,437,205,358,24,35,98,1.8,437,31,31,1.7,0,97.1489790762861,3
Mayurbhanj,Udala,7.92,570.0,285,129,105,34,11,54,12.7,128,91,17,0.12,0,25.157092050132224,1
Sundargarh,Lathikata,8.12,720.0,364,269,139,61,28,25,2.0,169,131,33,0.15,1,22.437595956611094,0
Sambalpur,Kadalipali,8.04,750.0,346,284,299,28,52,30,5.2,364,36,13,0.37,0,35.984519853936206,1
Sambalpur,Katar kela,7.97,440.0,219,177,119,50,12,17,0.8,146,38,28,0.36,1,28.40362713937849,1
Mayurbhanj,Saraskona,8.24,870.0,413,297,200,56,39,56,12.8,244,115,52,0.27,0,38.13809874788316,1
Bargarh,Sunajuri Tukuria,7.73,580.0,340,118,163,36,6,95,1.0,199,70,34,0.21,1,19.228379069549565,0
Sundargarh,Biramitrapur,7.55,1360.0,652,571,395,96,80,47,6.9,482,103,80,0.74,0,55.0966189703471,2
Balasore,Siadimal,8.38,890.0,652,272,266,61,29,73,73.6,296,151,24,0.66,0,102.20485631522652,3
Nuapada,Loharpalli,8.3,2410.0,1265,526,402,41,101,312,3.0,481,501,71,1.03,0,74.27829939170282,2
Sambalpur,Chandrapura,8.06,910.0,416,335,229,54,49,39,2.3,279,98,34,0.31,0,31.495424029083697,1
Jajpur,Arakhpur,7.64,490.0,274,178,205,36,21,37,2.6,250,36,18,0.39,0,29.1421047179192,1
Khordha,Sundarpada,8.0,560.0,290,198,165,50,18,35,2.4,201,63,23,0.27,1,26.32675207056259,1
Jajpur,Haridaspur,7.1,130.0,71,38,35,12,2,11,1.2,43,14,9,0.66,1,33.50252578774218,1
Sundargarh,Masanikani,7.9,210.0,103,53,55,12,6,22,1.9,67,26,2,0.1,1,14.695879862789942,0
Sonepur,Sighijuba,7.15,250.0,122,86,79,23,7,10,2.6,97,28,3,0.33,1,20.209551916131925,0
Cuttack,Sankilo,7.75,610.0,290,219,185,22,40,39,0.4,226,43,36,0.32,1,26.27442276018214,1
Koraput,Dhamanaganda,7.69,220.0,113,79,99,25,4,11,2.3,121,10,1,0.12,1,14.430370322252315,0
Puri,Gop-1,8.03,750.0,413,230,258,57,21,63,6.1,308,88,27,0.26,0,29.752032351187115,1
Sambalpur,Babubandha,7.87,350.0,183,114,134,28,11,12,20.3,164,22,10,0.33,0,39.90695591847895,1
Bhadrak,Bentola,8.62,1285.0,799,243,323,65,19,71,206.8,377,148,78,0.1,0,175.73005503573899,3
Khordha,Begunia,7.81,810.0,413,257,198,65,23,56,16.6,242,106,28,0.36,0,40.50222200710619,1
Puri,Charichhak,7.4,220.0,110,65,85,24,1,16,2.0,103,17,0,0.16,1,13.403220980493227,0
Mayurbhanj,Khiching,8.51,340.0,170,162,93,35,18,2,0.2,114,26,9,0.17,0,23.380760644634826,0
Kandhamal,Raikia-ii,8.1,190.0,103,66,67,20,4,8,8.9,80,10,13,0.1,1,21.54845848133175,0
Khordha,Tangi2,7.62,240.0,118,79,77,16,9,13,6.9,94,25,2,0.08,1,15.490778937989127,0
Jharsuguda,Kirimera,7.78,250.0,145,119,135,36,7,12,3.8,158,10,1,0.37,1,28.687244921209512,1
Puri,Mahapur,8.14,480.0,221,189,180,31,27,19,6.2,216,29,3,0.33,1,33.25039429919867,1
Rayagada,Tandikana,7.77,310.0,151,126,134,29,13,16,0.4,163,12,1,0.25,1,20.76541195994199,0
Jajpur,Sahupur,7.34,180.0,92,62,40,21,2,12,1.0,49,24,7,0.17,1,12.491108475939697,0
Koraput,C.kusimi-ii,7.45,280.0,134,87,84,25,6,15,2.1,102,35,1,0.15,1,13.863480033977016,0
Boudh,Rambhikata,8.16,920.0,456,430,245,84,53,11,2.7,299,128,30,0.37,0,36.45629343185649,1
Nabarangpur,Kosagumuda,7.83,520.0,246,124,91,36,8,41,9.8,111,93,4,0.06,1,19.122407589972987,0
Jharsuguda,Belpahar,7.0,500.0,259,139,115,34,13,51,11.5,170,74,19,0.14,1,17.72635535130855,0
Boudh,Anlapali,7.49,1110.0,604,375,223,94,34,81,1.4,272,154,106,0.2,0,21.118986622330127,0
Sundargarh,R-06 Basanti Colony,8.78,1610.0,874,250,449,41,36,252,1.7,414,199,76,2.06,0,120.11938097813827,3
Rayagada,Kodapadu,7.3,240.0,119,74,79,20,6,16,1.7,96,27,0,0.32,1,20.184699489976868,0
Puri,Balighai,7.26,300.0,164,126,124,43,5,10,5.0,152,26,1,0.23,1,18.64205964261868,0
Puri,Sakhigopal,8.12,490.0,250,173,118,35,21,29,6.1,142,55,35,0.13,1,23.151690344998,0
Koraput,Bijapur,7.25,930.0,461,279,297,75,23,37,48.2,362,98,2,0.25,0,54.41938022806263,2
Gajapati,Paralakhemundi,7.99,1000.0,527,273,160,48,36,79,46.0,195,178,44,0.26,0,59.71714091260715,2
Malkangiri,Pongam,7.75,610.0,285,198,133,42,23,38,3.6,162,93,5,0.54,1,37.96099558530951,1
Gajapati,Kattalakanita,8.01,1190.0,624,303,175,51,43,118,22.2,213,247,39,0.78,0,67.77962304877728,2
Kalahandi,Koksara,8.26,1330.0,650,315,395,38,53,156,5.8,482,145,16,0.54,0,47.64433825920747,1
Kalahandi,Mahichala,7.89,1430.0,743,460,265,40,87,100,25.8,323,250,81,0.17,0,44.237160955194454,1
Khordha,Raghunathpur,7.52,310.0,174,81,77,22,6,27,10.8,94,50,12,0.15,1,20.87369351682731,0
Nabarangpur,Dengaguda,7.61,630.0,294,252,204,40,37,17,3.8,249,69,5,0.2,0,22.099779024884683,0
Jajpur,Kharadi,7.2,220.0,111,82,84,19,8,9,0.8,103,7,16,0.19,1,12.694936833724084,0
Angul,Jharpada,8.04,1590.0,823,385,420,20,81,179,12.8,512,238,41,1.13,0,80.99514701058058,3
Angul,Handpa,7.96,410.0,198,146,129,36,14,26,1.7,158,37,20,0.38,1,29.79327976094948,1
Kalahandi,Junagarh 1,7.76,720.0,351,255,155,38,39,45,2.0,189,106,29,0.2,1,22.181584609806407,0
Kalahandi,Pokaribandh,7.8,510.0,251,205,165,34,29,20,2.1,201,49,18,0.17,1,20.11167254980715,0
Kendujhar,Dhangadiha,7.83,175.0,110,60,54,14,6,17,3.4,66,34,3,0.11,1,15.734823252458197,0
Malkangiri,Balimela,7.22,780.0,388,327,351,58,45,33,1.1,428,21,19,0.94,0,53.35285399536991,2
Khordha,Patia,7.64,660.0,357,193,176,44,20,41,37.3,215,68,41,0.14,0,43.090224929287686,1
Boudh,Bruhaspatipur,7.94,890.0,425,340,377,54,50,45,2.1,460,33,15,0.91,0,59.12572910890732,2
Nabarangpur,Maidalpur1,7.84,870.0,446,287,351,81,20,44,34.0,428,50,7,0.29,0,50.80109477078396,2
Sonepur,Sukha,7.3,1080.0,564,322,230,65,38,94,4.9,281,151,72,0.42,0,32.10981976389883,1
Kalahandi,Sunamala,7.98,3030.0,1606,770,535,44,160,341,2.8,653,488,250,0.93,0,72.51188677424167,2
Nayagarh,Mahipur,7.94,590.0,299,197,223,53,16,32,14.3,272,43,8,0.29,0,35.59316976872479,1
Rayagada,Gorakhpur,7.81,130.0,61,58,54,10,8,2,0.4,66,7,1,0.15,1,15.191357982234246,0
Boudh,Sangrampur,8.03,1530.0,823,690,260,206,43,27,12.0,317,310,69,0.3,0,41.55698089741315,1
Kendrapara,Aul,7.16,530.0,258,200,168,44,22,25,6.8,205,40,20,0.03,1,11.354448656189952,0
Puri,Kumbharapada,7.97,1500.0,741,351,274,79,38,154,15.2,334,225,66,0.04,0,28.20465655451479,1
Sundargarh,Chandipos,8.09,440.0,219,154,140,36,15,22,2.7,171,45,13,0.19,1,22.76941255207719,0
Sundargarh,Ekma,8.01,600.0,281,226,120,56,21,28,1.4,146,101,2,0.48,1,35.757903745198455,1
Balangir,Bolangir-ii,8.41,1150.0,611,204,278,30,32,165,0.9,303,136,81,1.71,0,98.36720476810349,3
Rayagada,Nua Dakasikula,7.37,650.0,342,136,302,20,21,91,2.0,368,24,3,0.54,0,33.66364250319208,1
Boudh,Auinla Chua Chhak,7.79,310.0,163,115,102,34,7,16,0.8,124,26,18,0.29,1,22.725029995949594,0
Nabarangpur,Rangamatiguda,7.76,860.0,393,337,179,77,35,27,2.6,218,140,4,0.14,0,20.4088086902349,0
Puri,Girala,8.2,1090.0,613,332,288,72,36,63,59.1,345,186,28,0.16,0,67.36772516492466,2
Balasore,Kuligaon,8.4,690.0,372,262,181,44,38,46,16.8,192,114,17,0.86,0,69.64731010136778,2
Khordha,B-39 Bhimatangi,7.46,500.0,268,158,123,40,14,37,6.6,150,68,29,0.18,1,20.023386014117843,0
Puri,Balagandi,7.88,900.0,384,213,197,57,17,66,6.0,240,84,35,0.06,1,18.50129239448771,0
Khordha,Janla,7.52,270.0,157,55,77,16,4,31,7.7,94,35,18,0.19,1,20.180127495876707,0
Dhenkanal,Balmi,7.82,460.0,224,190,180,46,18,17,1.0,220,32,2,0.37,1,28.28957379286647,1
Cuttack,Sisua,7.4,620.0,284,224,226,36,33,37,3.0,275,32,9,0.18,0,18.504709993866367,0
Bargarh,Lastala,7.43,590.0,346,152,178,42,11,82,3.0,217,65,37,0.51,1,32.883122123353765,1
Nayagarh,Sarankul,8.17,1040.0,504,350,366,53,53,52,8.5,447,83,35,0.37,0,40.66181895608152,1
Kendujhar,Burikapuri,8.16,235.0,122,100,84,24,10,9,0.7,102,29,0,0.3,1,26.054412666711393,1
Boudh,Tilesar 1,8.08,1250.0,619,585,352,94,85,16,1.0,429,150,63,0.16,0,27.908868314172448,1
Malkangiri,Katameta,7.79,780.0,367,302,233,65,34,28,5.4,284,93,2,0.3,0,30.026525321280047,1
Nayagarh,Dhipisahi(Ghanasalia),7.78,360.0,172,143,104,30,17,15,1.1,127,36,10,0.4,1,28.725010140173577,1
Mayurbhanj,Kalama,7.75,660.0,307,168,81,38,18,69,4.6,99,127,62,0.11,1,18.069654005672838,0
Kendujhar,Keonjhar,8.23,700.0,388,285,255,72,26,27,22.5,311,60,28,0.23,0,42.625124137519165,1
Jagatsinghpur,Siuli,7.99,300.0,162,110,130,44,0,17,0.8,159,17,4,0.21,1,20.35782450607519,0
Nayagarh,Ranpur 1,7.98,620.0,311,227,178,63,17,29,15.8,217,64,17,0.3,0,37.69036616994677,1
Ganjam,Jagannathprasad,8.22,1750.0,918,355,353,57,52,176,56.9,430,325,41,0.4,0,79.1221501583509,3
Kendujhar,Guali,7.95,180.0,115,90,74,26,6,9,3.1,90,24,3,0.26,1,23.88573472173751,0
Mayurbhanj,Ambadiha,8.26,300.0,145,147,126,20,24,1,0.6,154,19,5,0.13,1,19.914818975611787,0
Bhadrak,Bhagavanpur,8.41,370.0,249,139,124,40,10,20,3.8,139,36,20,0.27,1,29.65249807740045,1
Mayurbhanj,Tongabila Chhak,7.8,310.0,142,147,104,29,18,3,0.9,127,26,3,0.16,1,17.397888777651257,0
Rayagada,Bangi Chowk,7.18,420.0,211,143,183,31,16,33,0.8,223,20,1,0.3,1,19.055894971860845,0
Ganjam,Chatrapur,7.82,650.0,333,233,129,69,15,31,2.0,157,124,16,0.13,1,18.088362901881336,0
Koraput,Dhaulapur,7.85,130.0,63,51,50,12,5,4,2.2,61,10,0,0.07,1,12.888944988886143,0
Boudh,Lunibahal,8.07,670.0,306,320,290,52,46,4,2.0,354,17,10,1.26,0,75.74851325100617,3
Ganjam,Ganjam,8.25,1100.0,567,410,281,83,49,53,10.7,343,148,55,0.25,0,37.527117597991726,1
Gajapati,Parasmba,7.93,270.0,127,106,68,22,12,12,0.5,83,39,1,0.2,1,19.362855588926845,0
Jajpur,Jharagadhia,7.25,380.0,206,120,90,35,8,24,7.3,110,48,30,0.24,1,20.830443192808783,0
Mayurbhanj,Dandabose,8.06,440.0,225,127,137,31,12,41,0.3,167,53,6,0.67,1,43.08435472407548,1
Kendujhar,Telkoi,8.16,565.0,281,195,127,52,16,36,1.2,155,81,19,0.23,1,24.65920376781395,0
Ganjam,Turumu,8.05,450.0,249,147,95,41,11,31,6.1,116,90,13,0.2,1,25.16343535494288,1
Jajpur,Madhupur garh,7.33,410.0,228,139,135,40,9,12,31.5,165,31,22,0.24,0,39.611973429207154,1
Sonepur,Mahada,7.93,590.0,310,208,96,64,11,33,9.0,117,91,44,0.57,1,44.38843172485979,1
Jajpur,Dankari,7.88,1260.0,614,250,495,29,43,150,3.0,604,79,11,1.3,0,77.5106710289934,3
Deogarh,Kalamati,8.31,500.0,235,209,146,42,26,13,2.0,167,38,26,0.28,1,29.308826253326878,1
Mayurbhanj,Singada Chhak,7.63,240.0,116,113,71,26,12,1,1.0,87,19,15,0.15,1,14.938273741946244,0
Ganjam,Jarada,8.21,650.0,361,193,229,43,21,54,14.4,279,58,34,0.54,0,50.070376328518435,2
Kendujhar,Padang,7.6,155.0,92,50,34,14,4,14,3.7,42,36,1,0.15,1,15.68140520020368,0
Balangir,Fasad,8.23,870.0,438,323,132,56,45,40,14.3,161,138,65,0.41,0,46.00638335601959,1
Nayagarh,Kumdharpara,8.02,1350.0,695,251,371,45,34,164,36.9,453,143,50,0.63,0,71.55899289749127,2
Ganjam,Tarasingi,8.3,1330.0,709,406,338,114,29,102,27.5,412,197,37,0.38,0,56.078187333232016,2
Kendujhar,Haridagot,7.79,360.0,183,90,54,26,6,27,9.3,66,60,23,0.16,1,22.54294740667715,0
Balangir,Duduka,8.23,1690.0,913,328,141,48,51,175,73.0,172,398,84,0.29,0,85.04957108410272,3
Sonepur,B. M. Pur,7.91,1100.0,615,343,108,131,4,77,17.0,132,264,57,0.48,0,47.47349187385031,1
Balangir,Dhumamara,8.31,1040.0,566,174,229,30,24,132,34.9,262,149,59,0.33,0,56.590338487909776,2
Sambalpur,Chiplima,8.21,270.0,135,109,91,34,6,9,2.9,111,19,10,0.2,1,23.3373406903017,0
Cuttack,Karadibandh,8.08,1040.0,565,385,290,76,47,74,5.3,354,162,27,0.66,0,51.195929792353596,2
Koraput,Tanginiguda,7.14,130.0,60,50,55,6,9,6,1.1,67,5,0,0.13,1,9.182051354990422,0
Ganjam,Digapahandi,7.8,4450.0,2560,568,248,77,91,820,15.9,302,1314,94,0.6,0,62.35774897487304,2
Cuttack,Banki 1,7.83,670.0,337,275,245,86,15,27,0.9,299,60,2,0.42,0,31.68452364677155,1
Cuttack,Bose campus,6.77,290.0,136,119,115,26,13,9,1.4,141,17,0,0.22,1,11.610443289044902,0
Puri,Budhiabar,7.56,850.0,443,177,164,43,18,85,12.0,200,124,63,0.09,1,21.528250566024063,0
Mayurbhanj,Begna,7.79,200.0,91,98,77,16,14,0,1.0,94,14,0,0.12,1,14.74641444028648,0
Mayurbhanj,Amarda,7.72,440.0,267,99,100,30,6,38,19.8,122,69,25,0.14,0,29.10428003069366,1
Mayurbhanj,Mananda,8.13,270.0,128,127,110,27,14,1,2.6,134,17,0,0.26,1,25.751172637127286,1
Puri,Kumareswar,8.08,380.0,213,77,144,20,6,49,6.7,173,38,9,0.17,1,23.71369499433481,0
Cuttack,Radha Gobindapur,7.16,80.0,42,40,35,10,4,0,0.1,43,2,5,0.1,1,6.812470191569322,0
Boudh,Karoda Kotha,7.79,300.0,143,110,121,20,15,17,0.8,148,17,0,0.2,1,18.778183639463265,0
Sonepur,Ichchapur,8.26,800.0,424,151,131,37,14,105,12.0,160,123,54,0.53,1,47.56704838440783,1
Mayurbhanj,Bagra,8.01,390.0,199,114,105,30,10,26,14.8,128,55,19,0.13,0,27.575347249642444,1
Kalahandi,Golmunda,8.42,1360.0,690,230,460,38,33,203,5.6,561,25,27,1.32,0,84.30612893885244,3
Kalahandi,Baner,7.67,670.0,333,265,145,54,32,31,1.6,177,102,26,0.16,1,18.968394756037195,0
Mayurbhanj,Badasahi,7.46,385.0,200,54,38,14,5,56,4.6,46,79,44,0.1,1,13.279946387989506,0
Cuttack,Anantpur,7.0,480.0,239,200,144,54,16,16,4.0,176,28,35,0.11,1,11.39000654405619,0
Sonepur,Tebhapadar,7.05,1530.0,831,734,233,192,62,42,1.6,284,301,92,0.3,0,26.859466747165353,1
Sonepur,Borumunda,8.1,430.0,207,177,166,60,6,15,2.0,202,23,1,0.74,1,48.117621088390905,1
Cuttack,Kandarpur,7.14,560.0,266,204,216,48,21,32,6.9,264,30,0,0.22,0,20.364252838328696,0
Rayagada,Mukundpur,6.98,300.0,145,105,109,29,8,16,1.9,133,24,1,0.17,1,11.070151433196429,0
Koraput,Laxmipur1,6.87,210.0,104,59,65,12,7,18,2.4,79,26,0,0.1,1,6.592276839051035,0
Ganjam,Karachuli,8.09,550.0,299,167,185,41,16,48,1.8,226,75,7,0.23,1,24.489485241483322,0
Jagatsinghpur,Mukundapur,7.97,450.0,223,154,140,31,19,28,0.1,171,38,23,0.08,1,14.889932413938729,0
Kalahandi,Kalampur,7.96,490.0,235,150,180,32,17,41,1.8,220,26,9,0.26,1,24.55484867294636,0
Ganjam,Dumdumi,8.3,1840.0,1055,315,371,55,43,158,178.6,453,323,75,0.34,0,166.08096537282864,3
Khordha,Tamando,7.92,260.0,140,74,55,16,8,21,7.3,67,43,12,0.09,1,18.684929536761775,0
Sundargarh,R-12 Gangadharpally,8.0,800.0,417,235,153,47,29,67,12.7,187,132,38,0.18,0,30.714170513988634,1
Boudh,Bodigaon,8.05,540.0,265,190,228,36,24,35,0.8,278,19,13,0.95,0,57.900560745229875,2
Cuttack,Chakuli,7.37,630.0,307,239,202,34,37,32,4.9,246,50,28,0.11,0,16.606727499216667,0
Jajpur,Pobala,7.24,150.0,78,45,35,10,5,12,0.6,42,25,5,0.2,1,12.731513876257901,0
Balangir,balgaon,8.35,450.0,204,194,171,34,27,12,0.6,184,25,3,1.06,1,65.27060255416326,2
Sundargarh,R-27 Sector-7,8.26,270.0,138,113,98,29,10,9,1.9,120,24,5,0.27,1,26.533711258239162,1
Mayurbhanj,Kendujani,7.98,250.0,116,118,88,29,11,1,0.1,107,19,3,0.21,1,20.040440342521343,0
Mayurbhanj,Matigarh,8.17,130.0,63,59,39,14,6,1,0.2,47,14,5,0.11,1,16.0531487609458,0
Dhenkanal,Mandar,7.63,830.0,425,285,200,76,23,57,4.2,244,130,16,0.28,0,26.361773583581215,1
Kendrapara,Chandol,7.73,820.0,426,209,288,18,40,95,13.9,351,60,27,0.21,0,31.395531983367015,1
Ganjam,Kodala,7.86,375.0,207,157,86,45,11,13,4.0,105,73,9,0.13,1,18.674978453015694,0
Sundargarh,Bandamunda,7.99,290.0,146,101,100,27,8,14,3.0,122,22,12,0.47,1,34.376160275031516,1
Sonepur,Gariamunda,7.71,1200.0,657,343,89,98,24,108,13.0,108,284,77,0.52,0,45.6668658471312,1
Khordha,Bhubaneswar-i,7.6,380.0,191,144,134,42,9,20,0.9,164,35,3,0.55,1,33.92957926134249,1
Kendujhar,Khiritangiri,7.97,785.0,407,330,196,76,34,22,15.3,239,110,33,0.55,0,50.823788351863044,2
Kalahandi,Bhawanipatna,8.3,1530.0,732,450,400,32,90,143,2.8,488,187,38,1.44,0,91.0396780816858,3
Khordha,Chandaka,7.25,440.0,236,149,127,38,13,22,18.0,155,43,26,0.16,0,25.51808657401393,1
Koraput,Jujari,6.6,540.0,271,158,129,38,16,49,3.7,157,74,13,0.25,1,14.161784820563506,0
Dhenkanal,Motanga,8.3,1480.0,798,495,440,54,87,110,3.2,537,187,93,1.34,0,87.10425206560927,3
Kandhamal,Katringia,8.2,500.0,263,117,196,37,6,58,5.0,234,37,6,0.15,1,23.123347080946175,0
Sonepur,Kotsamalai,7.52,370.0,179,149,160,48,7,9,1.9,195,10,7,0.31,1,22.689546408029262,0
Bargarh,Gondtarum,8.14,410.0,194,123,124,29,12,31,5.0,151,26,17,0.38,1,33.387623157467495,1
Angul,Bantala,8.25,900.0,421,240,325,14,50,94,3.6,397,54,11,2.09,0,117.54385898917545,3
Sundargarh,Kumjharia,8.1,760.0,392,150,267,46,8,89,2.0,326,50,36,0.64,0,44.071405163407526,1
Sambalpur,Gainpura,8.23,860.0,435,337,254,71,39,25,28.6,310,79,40,0.33,0,52.889381716892025,2
Kendujhar,Suakati,7.5,55.0,36,20,25,8,0,5,1.3,30,7,0,0.15,1,12.505034238830314,0
Mayurbhanj,Chadheibhol,8.01,640.0,346,157,126,41,13,74,0.9,154,120,21,0.09,1,16.327972740835843,0
Ganjam,Subash Ch.Pur,7.93,450.0,256,188,90,57,11,20,4.6,110,107,2,0.17,1,21.950108109959395,0
Sundargarh,R-08 Udit Nagar-2,8.29,520.0,274,181,170,41,19,31,7.5,207,43,31,0.25,1,31.419634744296374,1
Deogarh,Deogarh,8.06,640.0,330,234,141,44,30,37,4.4,172,88,43,0.34,1,32.416112827793675,1
Dhenkanal,Joranda,7.67,230.0,122,70,55,24,2,18,1.6,67,38,5,0.22,1,18.2109135157121,0
Khordha,B-29 Rkamra Village,6.9,90.0,43,40,25,10,4,1,0.9,31,8,4,0.09,1,4.741497467999371,0
Sundargarh,Kundukela,7.67,530.0,278,202,30,58,14,25,7.6,36,152,3,0.04,1,16.001132019823512,0
Sambalpur,Hirakud,8.29,580.0,286,223,197,42,29,31,0.6,240,41,25,0.26,1,27.67527760582647,1
Sundargarh,Subdega,7.9,910.0,472,288,287,73,26,64,2.3,350,82,52,0.9,0,56.98793814678105,2
Cuttack,Jagatpur 1,7.06,530.0,270,189,202,64,7,19,9.2,246,25,26,0.14,0,16.88635455311484,0
Mayurbhanj,Thianali,8.12,230.0,116,108,98,27,10,1,0.9,120,7,11,0.13,1,17.938718282060705,0
Bargarh,Khuntapali,7.74,930.0,520,167,213,42,15,96,72.0,260,98,70,1.0,0,110.13015427216197,3
Sambalpur,Subarnapali,7.63,550.0,262,140,114,41,9,49,1.4,140,53,39,0.51,1,32.8151274689872,1
Koraput,Balia,7.02,480.0,226,127,89,41,6,36,10.2,109,78,1,0.12,1,15.395909087435326,0
Jajpur,Danagadi,7.11,190.0,99,48,40,10,6,20,0.3,49,36,3,0.08,1,5.911321231358147,0
Malkangiri,Balimela Chowk,7.55,630.0,310,233,255,40,33,36,2.4,311,42,4,0.3,0,25.176867115183597,1
Sambalpur,Simlipal Chawk,7.92,150.0,79,42,40,6,7,8,9.3,49,19,5,0.26,1,27.6912029854709,1
Balangir,Dulusara,8.3,490.0,262,124,98,44,4,36,14.4,119,68,38,0.49,0,46.63137379609322,1
Angul,Nisa,7.76,800.0,410,235,110,42,32,73,4.7,134,165,28,0.34,1,30.367804333286067,1
Jajpur,Kamatabandha,7.31,190.0,99,25,69,4,4,28,0.9,85,7,14,0.19,1,13.03236662735138,0
Bhadrak,Randia,8.29,500.0,386,104,171,22,12,56,10.2,209,39,25,0.45,1,41.989265653300315,1
Khordha,Bhusundapur,7.37,160.0,77,54,66,10,7,10,1.0,80,10,0,0.1,1,9.616296907678711,0
Puri,SidhaMahavir,8.02,1150.0,519,327,307,85,28,74,14.2,375,101,33,0.07,0,28.157599440924756,1
Balasore,Basta,8.02,1150.0,618,366,90,40,66,75,45.0,110,304,35,0.31,0,63.64316611741317,2
Sambalpur,Larasara,8.12,840.0,411,327,317,95,22,31,5.6,386,65,4,0.26,0,31.08224774743793,1
Dhenkanal,Goda,7.64,160.0,80,65,60,20,4,5,3.2,73,10,3,0.18,1,17.21994057702612,0
Khordha,B-09 Tankapani Road,7.6,230.0,115,59,55,16,5,18,9.5,67,30,4,0.1,1,17.819630088166438,0
Angul,Kosala1,7.91,710.0,356,275,120,72,23,33,3.3,146,122,31,0.35,1,30.865803711713948,1
Balasore,Tikpada,7.81,100.0,99,54,29,20,1,2,0.8,35,17,7,0.14,1,14.65596925765438,0
Khordha,B-40 Kapilaprasad,7.22,140.0,68,40,44,12,2,11,2.1,54,13,1,0.05,1,6.411895548711468,0
Bargarh,Gorbhaga,7.98,250.0,125,103,104,38,1,9,1.0,127,8,5,0.43,1,30.59399645115155,1
Mayurbhanj,Gambharia,8.09,800.0,433,216,137,39,29,84,0.0,167,127,72,0.16,1,21.063061449310318,0
Sambalpur,Daincha,7.76,640.0,296,274,179,56,33,10,1.4,219,72,15,0.25,1,23.90492595904247,0
Puri,Alipada,7.58,2175.0,1181,367,323,87,39,245,102.0,395,304,210,0.12,0,94.12571269215736,3
Malkangiri,M.v.7,7.36,510.0,259,178,198,60,7,17,23.4,241,31,2,0.21,0,32.977474789674545,1
Sundargarh,Kuarmunda,7.95,1250.0,624,520,163,94,69,45,4.7,199,220,93,0.22,0,30.751146653374764,1
Koraput,Similiguda1,7.05,220.0,107,79,80,10,13,12,2.2,98,21,0,0.13,1,9.801902871148044,0
Sundargarh,Ledimung,8.32,380.0,184,115,168,33,8,26,2.7,177,12,1,0.63,1,44.8151941125006,1
Puri,Krupasindurapatna,7.95,2600.0,1087,371,312,73,46,221,111.7,381,388,60,0.3,0,112.7205004023519,3
Koraput,Konga,6.89,130.0,63,50,55,8,7,4,3.8,67,7,0,0.18,1,11.344439731705018,0
Sundargarh,R-30 Sector-13,8.11,190.0,100,78,55,26,3,6,2.9,67,22,7,0.18,1,20.994658668878966,0
Ganjam,Pitamberpur,7.94,1280.0,659,518,166,45,99,70,5.3,203,323,18,0.69,0,54.540277901611034,2
Sambalpur,Rengali,8.16,650.0,331,116,259,22,15,91,1.2,316,43,3,1.3,0,74.94482187401731,2
Sambalpur,Chhachanpali,8.31,520.0,257,178,192,44,17,29,1.4,217,36,14,0.34,1,31.244655753490612,1
Sundargarh,"R-02 Jalda Rangila
Chhak",8.23,1080.0,573,270,263,39,42,119,8.0,321,127,81,0.76,0,58.0725966090354,2
Khordha,Kundaidarapatna,7.52,1140.0,566,327,231,44,53,111,0.8,282,179,40,0.25,0,23.592458229985645,0
Koraput,Chandli,7.56,370.0,176,120,109,33,9,23,2.2,133,42,1,0.1,1,13.050393294380347,0
Kendujhar,Barpada,7.48,320.0,162,135,64,26,17,13,1.3,78,60,6,0.1,1,12.012102555436964,0
Kendujhar,Padampur,8.07,555.0,269,230,127,72,12,13,0.7,155,81,15,0.23,1,23.599657512630287,0
Angul,Paranga,8.27,680.0,319,190,270,18,35,66,4.9,329,22,12,0.82,0,57.338548000737056,2
Nayagarh,Majuniapali (Itamati),7.97,570.0,290,177,178,39,19,44,3.9,217,67,11,0.39,1,32.727726065015425,1
Kendujhar,Parsora,8.1,400.0,225,140,152,46,6,28,3.8,185,50,1,0.26,1,26.534363583459506,1
Balangir,Fattamunda,7.96,420.0,196,164,141,34,19,20,0.9,172,33,5,0.57,1,38.48225454057584,1
Boudh,Laxmanpur,7.84,690.0,352,335,321,92,26,4,1.0,392,29,8,0.19,0,22.150495729239108,0
Mayurbhanj,Bahalda,7.45,580.0,277,260,159,29,46,12,0.2,194,50,45,0.31,1,23.622554519885078,0
Gajapati,Gosani,8.11,920.0,494,192,204,22,33,103,22.3,249,142,50,0.36,0,47.33029639026804,1
Puri,Uansdiha,8.18,710.0,391,235,299,78,10,39,24.6,357,55,10,0.35,0,48.47200021398384,1
Ganjam,Balipadar,8.3,870.0,467,228,362,22,42,120,0.7,441,58,9,0.82,0,55.72938384540857,2
Ganjam,Lathi,7.84,550.0,290,157,114,41,13,40,16.9,139,80,31,0.14,0,28.850309597260328,1
Malkangiri,Govindpali 1,7.89,1170.0,588,356,332,97,28,38,55.0,405,112,59,0.15,0,61.286392226725496,2
Kendujhar,Melana,7.73,355.0,205,110,74,22,13,28,15.4,90,67,15,0.12,0,25.171174111804298,1
Mayurbhanj,Purunapani,8.19,270.0,135,113,82,26,12,3,8.5,100,34,3,0.12,1,23.760376702140995,0
Bargarh,Lakhanpur,7.51,330.0,195,83,109,25,5,32,22.0,133,36,11,0.3,0,36.22082795897058,1
Cuttack,Chandi temple,7.27,940.0,464,323,326,74,34,43,41.0,398,60,18,0.04,0,40.29346082637956,1
Angul,Ghantapada,8.24,590.0,331,205,170,60,13,39,2.1,207,67,48,0.34,1,31.369754416742598,1
Sundargarh,Talsara,8.08,270.0,136,58,85,21,1,35,0.5,104,26,1,0.9,1,52.872605525028895,2
Sambalpur,Kuchinda,7.7,220.0,102,84,60,13,12,8,2.1,73,29,1,0.27,1,21.659601789086096,0
Khordha,Balipatna,8.21,450.0,229,173,179,40,18,17,9.8,218,15,23,0.27,1,33.19363891981183,1
Sundargarh,Mahulpali,8.09,260.0,127,86,90,23,7,19,2.4,120,14,7,0.12,1,18.04478947924088,0
Sundargarh,Aleikera,7.73,810.0,417,307,255,73,30,44,1.9,311,89,25,0.26,0,25.138833963538406,1
Angul,Tikarpara,8.08,400.0,194,190,140,36,24,1,4.7,171,36,8,0.29,1,29.455326471131855,1
Angul,Pallahara,7.99,480.0,244,145,110,34,15,41,1.8,134,72,15,0.11,1,17.45810581274659,0
Bargarh,kumbhari,7.29,970.0,478,304,163,63,35,72,3.0,199,132,75,0.54,0,35.63464562605418,1
Nayagarh,Koilama,8.12,320.0,150,113,94,20,16,17,1.0,115,33,7,0.56,1,38.67261527601227,1
Puri,Balighat,8.08,1300.0,547,228,235,34,35,93,61.3,287,151,32,0.06,0,62.198657647643905,2
Sundargarh,Sargipali,8.33,550.0,273,155,220,52,6,40,5.4,231,36,1,0.29,0,31.437312937502846,1
Mayurbhanj,Karanjei-Bijatola Chhak,8.02,680.0,338,294,153,51,40,20,0.6,187,79,55,0.2,1,23.61560678147636,0
Nabarangpur,Daibata,7.72,200.0,96,79,82,16,10,9,1.1,100,7,4,0.08,1,12.08920319888864,0
Nabarangpur,Fupugaon,7.56,360.0,179,119,121,36,7,18,9.3,148,31,5,0.27,1,26.235846341484816,1
Khordha,Niranjanpur,7.32,100.0,45,35,37,6,5,6,0.4,45,5,1,0.09,1,7.9036308472996035,0
Jajpur,Amrutmanohi,7.12,720.0,385,182,115,23,30,75,1.7,140,129,56,0.2,1,15.685253937401804,0
Angul,Sanasantrabandha,7.52,800.0,435,300,75,68,32,41,5.8,92,187,57,0.84,1,53.23679193212976,2
Kendujhar,Joda,7.88,265.0,146,125,64,24,16,5,3.0,78,29,31,0.21,1,21.640034183636065,0
Sambalpur,Gunderpur,8.15,650.0,337,243,144,71,16,33,2.0,176,93,36,0.43,1,35.16511665657603,1
Cuttack,Oranda,7.94,110.0,54,45,40,14,2,1,2.4,49,5,5,0.11,1,15.443885312584833,0
Kandhamal,Khajuriapada,8.3,470.0,247,163,211,43,13,26,9.4,253,12,19,0.24,0,32.057444047895025,1
Nayagarh,Anandapalli,7.85,1240.0,670,345,371,63,46,132,11.7,453,162,34,0.83,0,62.1896977959381,2
Sambalpur,Kusumi,7.85,1240.0,636,395,169,121,23,90,5.1,206,220,75,0.28,0,30.248856530908636,1
Boudh,Dahya,7.72,490.0,253,185,179,50,15,20,9.8,218,33,18,0.28,1,29.617865259241718,1
Koraput,Lamtaput,6.99,120.0,53,54,50,8,8,2,0.3,61,5,0,0.11,1,6.339857491288511,0
Ganjam,Koitra,8.07,1650.0,917,376,295,20,79,234,1.9,360,318,88,0.69,0,52.302414606718365,2
Puri,Haripur,7.25,160.0,90,26,21,8,1,25,0.7,25,40,4,0.06,1,5.9551437781791385,0
Kendujhar,Jhumpura,7.94,260.0,155,75,59,26,2,29,1.2,72,60,1,0.22,1,20.294683562898943,0
Kalahandi,Tulapada,7.95,430.0,208,165,180,42,15,20,1.8,220,20,2,0.2,1,21.604849168279337,0
Ganjam,Patapur,8.03,860.0,487,173,176,55,9,80,61.0,215,126,51,0.17,0,64.92332674398956,2
Khordha,B-37 OUAT,7.62,290.0,155,74,67,14,9,29,4.5,82,43,15,0.06,1,12.827276132847738,0
Malkangiri,Parkannala,7.81,940.0,467,302,264,63,35,29,51.5,322,81,50,0.16,0,57.875166085145764,2
Jajpur,Kalamatia,7.56,1000.0,522,312,230,60,40,53,56.0,281,117,58,0.24,0,63.24173416639849,2
Sonepur,Phulmuthi,7.68,1770.0,949,546,92,96,75,142,20.0,113,468,93,0.57,0,57.3833344089135,2
Balangir,Ichgaon,8.24,440.0,211,184,146,54,12,14,1.4,178,35,7,0.49,1,37.33366991916449,1
Angul,Chendipada1,7.89,580.0,281,200,175,28,32,40,1.8,214,48,27,1.54,0,85.46918270342546,3
Kendujhar,Balaniposi,8.13,535.0,253,195,162,48,18,0,0.0,197,72,18,0.25,1,24.535246096988466,0
Nuapada,Bargaon-k,8.3,370.0,197,168,144,61,4,3,5.3,173,25,14,0.29,1,30.772091086355793,1
Kandhamal,Phiringia-ii,8.2,210.0,112,66,72,20,4,15,3.6,86,7,20,0.12,1,19.47509373822699,0
Sambalpur,Koakud,7.98,290.0,143,121,124,47,1,9,1.4,152,7,3,0.42,1,30.6877270641728,1
Sonepur,Rampur,8.41,490.0,243,172,181,50,11,21,4.0,188,30,18,0.52,1,42.07802476495036,1
Ganjam,Govindpur,8.02,970.0,493,244,181,41,34,93,1.9,221,180,34,0.26,1,27.24048846058154,1
Gajapati,Kashinagar,7.35,490.0,229,177,170,38,19,28,3.0,207,24,15,0.68,1,40.39241629651141,1
Kandhamal,Paburiya,8.3,540.0,285,163,221,31,21,27,34.5,265,37,4,0.2,0,49.07039069317464,1
Cuttack,Abhimanpur,7.88,1460.0,722,530,250,114,60,78,16.3,305,272,33,0.44,0,49.245399488872984,1
Puri,Rendagada,8.1,880.0,495,214,263,29,34,82,35.3,314,119,42,0.46,0,61.86286569371949,2
Balangir,Banjari,8.32,620.0,298,224,185,30,36,26,17.2,208,55,22,0.68,0,60.18363194835405,2
Sambalpur,Khunti,7.54,490.0,240,203,163,42,24,15,2.7,199,48,11,0.28,1,23.324787013897915,0
Gajapati,Dantarinalo,8.12,300.0,134,121,112,16,19,12,1.2,136,16,3,0.32,1,27.653081225833056,1
Sonepur,Chinajuri,8.12,640.0,328,125,200,25,15,76,3.0,244,68,21,0.55,1,40.46783923303209,1
Sundargarh,Kutra,8.22,390.0,176,163,160,36,17,11,4.1,195,10,1,0.2,1,25.436243824966883,1
Cuttack,Narsingpur,7.57,995.0,609,305,480,60,38,135,5.9,586,57,26,1.28,0,76.2975437711596,3
Gajapati,Zubagaon,7.89,280.0,124,116,89,16,18,7,4.0,109,31,4,0.12,1,18.218503601919856,0
Ganjam,Buguda,8.3,950.0,498,294,276,69,30,60,24.4,337,121,29,0.36,0,51.31993911933195,2
Kendujhar,Tangarpada,7.3,175.0,109,50,39,10,6,22,0.9,48,43,4,0.81,1,42.379501451608654,1
Koraput,Ramgiri1,7.46,500.0,242,208,213,46,23,17,2.7,260,26,0,0.19,0,18.551805573599832,0
Sundargarh,R-34 Sector-17,7.9,240.0,118,93,49,18,12,8,4.5,60,41,5,0.14,1,19.066396356387266,0
Sambalpur,Dhama,8.08,520.0,271,158,101,36,17,40,7.8,123,48,63,0.86,1,58.255415815047776,2
Khordha,B-51 DAV (Unit-8),6.93,400.0,218,104,86,20,13,39,8.3,105,65,21,0.06,1,10.50523487698901,0
Kendujhar,Jhadbelda,7.93,500.0,270,190,157,38,23,26,10.3,191,77,2,0.17,1,26.866797307200134,1
Kendrapara,Jantilo,7.41,1060.0,526,299,192,38,50,103,3.5,234,164,54,0.23,0,23.18493173037923,0
Balangir,Chormara,8.17,450.0,218,149,132,30,20,23,11.0,161,38,18,0.43,1,41.07739924432002,1
Sundargarh,R-26 Sector-6,8.09,290.0,141,127,66,24,16,5,2.2,80,41,13,0.17,1,20.894446383319224,0
Jharsuguda,Singarpur,7.76,100.0,58,60,50,14,6,1,1.5,59,7,0,0.09,1,12.666330590320854,0
Boudh,Lumurijena,7.69,390.0,193,185,126,56,11,2,1.5,154,38,9,0.43,1,29.861088325794373,1
Angul,Bhogabereni,7.42,2440.0,1292,515,425,78,78,312,20.6,519,363,186,0.94,0,74.91649714957103,2
Bargarh,Purena,8.11,1050.0,509,315,406,41,52,75,9.2,495,71,18,0.47,0,45.20191766037537,1
Puri,Tikarapara-I,8.02,1290.0,657,444,314,27,90,92,3.0,376,109,152,0.33,0,36.065061618006574,1
Kendrapara,Jajang,7.16,670.0,341,179,170,46,16,58,1.5,207,106,12,0.07,1,9.159633079977597,0
Kendujhar,Gadadharpur,7.46,140.0,79,55,34,14,5,9,1.8,42,29,0,0.09,1,10.328826298614455,0
Angul,Tileswar,8.16,470.0,198,197,189,36,26,15,0.7,231,20,13,0.4,1,32.72497003235515,1
Angul,Tulsipal,7.89,180.0,96,85,60,18,10,1,1.8,73,20,10,0.38,1,28.144048531875534,1
Nayagarh,Sanagada,7.84,410.0,200,148,104,26,21,21,2.7,127,52,15,0.21,1,21.730522502693905,0
Sundargarh,R-29 Sector-9,8.28,260.0,128,108,110,24,12,9,1.2,134,12,4,0.27,1,26.241265977672654,1
Balangir,Banjipali,8.45,500.0,220,219,205,42,28,11,0.7,238,15,1,1.55,0,89.65795722700715,3
Deogarh,Purumunda,8.15,430.0,226,104,98,22,12,46,7.5,119,65,15,0.26,1,29.519450636106612,1
Koraput,New Ghasarda,7.08,380.0,194,144,148,38,12,19,2.6,181,29,4,0.51,1,29.148394045588187,1
Koraput,Doraguda,7.62,540.0,259,169,158,43,15,24,14.3,193,68,0,0.07,0,22.00052261874335,0
Ganjam,Baragam,8.0,900.0,469,264,185,49,34,65,15.7,226,170,24,0.21,0,34.938251961447804,1
Balasore,Raibania,7.94,180.0,145,64,24,14,7,14,1.0,29,49,1,0.13,1,15.816387185651088,0
Koraput,Kusumguda,6.93,180.0,87,74,75,20,6,5,1.2,91,10,0,0.12,1,7.21324163729342,0
Nuapada,Dharambandha,8.3,1210.0,656,224,350,43,28,173,3.9,419,186,17,0.19,0,28.224698604038476,1
Sonepur,Ulunda,7.24,850.0,423,330,220,86,28,26,4.7,268,139,6,0.3,0,25.004846507633655,1
Kendujhar,Birgovindpur,7.93,470.0,258,190,201,44,19,32,2.2,245,36,4,0.44,0,33.5677559038737,1
Sambalpur,Jayantpur,8.03,665.0,305,246,164,45,33,26,0.9,200,72,29,0.58,1,41.13404239540761,1
Khordha,Khurda Industrial Area,7.32,490.0,265,79,50,14,11,75,1.8,61,133,1,0.05,1,8.259509133515447,0
Mayurbhanj,Jamukeswar,8.3,280.0,126,137,93,12,26,0,0.1,114,29,3,0.13,1,19.734713897090195,0
Koraput,C-kusumi-i,7.49,290.0,137,90,84,21,9,16,1.9,102,39,0,0.08,1,10.897496134279962,0
Koraput,Deoghati,7.64,130.0,62,46,50,10,5,8,0.8,61,7,0,0.09,1,11.014467119372696,0
Gajapati,Taramala,8.3,750.0,391,242,233,32,39,15,76.3,284,52,37,0.61,0,100.78471267998633,3
Khordha,B-50 Janla,6.86,400.0,198,119,105,18,18,33,4.3,128,60,2,0.06,1,7.2961484606324944,0
Sundargarh,Badbahal,7.9,350.0,175,96,105,27,7,30,2.0,128,24,21,0.21,1,20.660140131113227,0
Mayurbhanj,Poradiha,7.5,60.0,127,30,48,6,4,18,2.4,58,17,1,0.11,1,11.864814786510074,0
Puri,Haragouri Sahi,7.5,550.0,289,183,154,36,23,41,11.6,187,67,19,0.07,1,19.554666163974463,0
Malkangiri,Mundiguda,7.7,930.0,439,332,214,75,35,44,2.8,261,126,28,0.19,0,22.613057543256016,0
Kendujhar,Champua,7.82,505.0,281,185,191,52,13,35,2.0,233,43,22,0.26,1,23.781737738456833,0
Nabarangpur,Dadia-Majhiguda,7.81,420.0,204,218,219,32,34,2,0.6,267,0,5,0.13,0,17.540211017507332,0
Dhenkanal,Sarangi,7.68,440.0,220,175,125,38,19,19,1.8,153,55,12,0.22,1,20.405931032101257,0
Puri,Malatipatapur,8.25,1980.0,1176,342,556,53,50,197,171.8,665,343,35,0.16,0,153.42764592014046,3
Kendujhar,Naranpur,7.96,1085.0,557,325,226,78,32,76,9.1,275,182,46,0.35,0,37.13777891845886,1
Kalahandi,Santapur,7.63,800.0,394,280,250,32,49,53,1.8,305,95,14,1.52,0,84.16352748687582,3
Mayurbhanj,Budhamara,8.05,810.0,472,188,228,42,21,100,4.9,279,120,33,0.77,0,52.846347726011246,2
Angul,Banarpal1,8.07,1340.0,714,240,400,26,43,194,5.3,488,176,31,0.84,0,59.059332101510996,2
Kendujhar,Deogan,8.27,620.0,346,260,216,60,27,27,16.4,263,62,25,0.14,0,33.85846429229513,1
Nayagarh,Gania,7.7,360.0,174,148,99,32,17,11,4.2,121,40,11,0.32,1,26.59577230477301,1
Dhenkanal,Bompa,7.77,500.0,248,205,185,38,27,18,1.2,226,35,18,0.2,1,20.590848298757678,0
Khordha,Sandhapur,8.15,680.0,340,238,303,46,30,43,6.6,370,30,3,0.49,0,42.322869141236986,1
Sundargarh,R-36 Sector-15,8.27,340.0,156,147,131,29,18,9,2.2,160,14,5,0.26,1,27.092631242716834,1
Cuttack,Madhalo,7.24,1180.0,602,318,307,62,40,96,42.8,375,117,61,0.03,0,41.45578672037775,1
Bhadrak,Dhobal,8.25,850.0,400,238,157,30,40,62,15.2,192,155,20,0.94,0,70.92693477766767,2
Rayagada,Narainpur,7.03,200.0,99,69,84,16,7,9,3.4,102,12,1,0.15,1,11.127711643749738,0
Ganjam,Jayantipur,8.15,920.0,475,228,181,67,15,70,29.6,221,163,22,0.22,0,45.83862194687371,1
Bargarh,Patrapalli,7.66,930.0,506,270,173,40,41,100,6.0,211,142,74,0.49,0,38.64991191564508,1
Boudh,Jahnapanka,7.86,520.0,275,200,158,66,9,20,9.9,193,55,20,0.29,1,31.201021121847102,1
Jajpur,Puruna baulamal,7.48,500.0,255,130,163,31,13,46,2.3,199,53,12,0.37,1,25.80396321572431,1
Bargarh,Sarandapali,7.58,1460.0,750,559,183,138,51,79,7.0,223,311,56,0.45,0,40.11145617421229,1
Kandhamal,Kalinga,7.9,250.0,129,87,103,10,15,14,4.7,123,7,18,0.14,1,19.46419678078856,0
Cuttack,Pithapur,7.37,750.0,374,249,221,60,24,41,27.0,269,69,20,0.1,0,32.1476873469598,1
Sundargarh,Banki,7.52,800.0,379,283,220,12,62,44,3.1,268,89,37,0.18,0,21.47215443236681,0
Puri,Beherasahi,7.91,1100.0,486,297,293,73,28,66,29.9,357,93,21,0.04,0,36.995054793733445,1
Mayurbhanj,Bedhakudar,8.3,590.0,332,243,214,44,33,47,4.9,261,74,38,0.39,0,37.618052976286016,1
Kandhamal,Baliguda,8.0,180.0,99,41,41,14,1,20,2.6,49,17,20,0.15,1,18.041055475311616,0
Gajapati,Pegoba,7.94,230.0,104,81,73,26,4,10,3.0,89,16,2,0.19,1,20.25939907052891,0
Koraput,"Disarikaraguda-New
Colony",7.66,150.0,70,50,56,10,6,10,1.2,68,10,0,0.17,1,15.361420128124248,0
Jajpur,Ragedi,7.65,400.0,204,120,130,33,9,30,9.9,159,26,17,0.27,1,27.616359786661516,1
Boudh,Sahajpal,7.61,1310.0,707,585,143,124,67,25,11.2,174,320,74,0.27,0,35.60307038511716,1
Sambalpur,Telitiliamal,7.96,650.0,311,251,169,58,26,24,3.3,206,53,44,0.6,1,43.04059507038966,1
Nuapada,Nawapara,8.24,390.0,201,153,129,31,18,18,2.2,154,12,44,0.43,1,35.042076653768206,1
Puri,Ramchandi,8.16,660.0,366,194,196,49,17,56,8.4,234,86,35,0.14,1,26.13475370770883,1
Rayagada,Padampur2,7.39,580.0,292,132,193,20,20,52,22.1,235,59,3,0.3,0,36.77009748435951,1
Mayurbhanj,Padampur,8.03,430.0,184,211,186,22,38,1,0.1,227,10,2,0.42,1,32.64053087523637,1
Kalahandi,Risida,7.98,440.0,206,175,185,26,27,19,2.1,226,15,6,0.2,1,22.652475348693194,0
Sambalpur,Gorupali,7.94,720.0,336,270,289,22,52,31,5.2,352,38,11,0.27,0,30.263509485060343,1
Bargarh,Lenda,7.68,890.0,443,162,262,25,24,125,1.0,320,62,49,0.9,0,53.017107640383735,2
Mayurbhanj,Pathuri,8.4,850.0,411,342,328,30,66,41,15.4,395,62,38,0.43,0,50.703041896395035,2
Sambalpur,Luhapank,8.27,720.0,370,158,209,33,18,86,2.5,255,77,28,0.25,0,27.723050970895077,1
Cuttack,Gopalpur,6.82,560.0,277,230,158,56,22,17,9.0,193,55,23,0.13,1,15.109897488718444,0
Sundargarh,Sahajbahal,8.22,600.0,287,245,129,52,28,25,1.4,157,99,4,0.43,1,35.61963683884725,1
Ganjam,Saishamuli,7.96,1100.0,612,269,195,47,37,127,15.0,238,257,13,0.25,0,36.55801884642894,1
Gajapati,Tattipati,7.84,1020.0,492,348,112,53,52,65,2.2,136,207,46,0.28,0,28.28054605223867,1
Balangir,Harisankar,8.39,500.0,236,169,195,28,24,37,1.5,220,25,4,0.82,1,54.777070697035406,2
Khordha,B-43 Gandamunda,6.95,200.0,103,59,55,16,5,16,3.3,67,25,5,0.13,1,9.237640295988344,0
Jajpur,Jamjhari,7.36,560.0,297,173,135,44,15,37,8.6,165,74,36,0.17,1,20.449400095160545,0
Sundargarh,Medinipur,8.05,340.0,172,106,75,35,5,27,1.6,92,53,6,0.11,1,16.807701720107442,0
Mayurbhanj,Devsol,7.85,150.0,125,59,71,22,1,19,4.9,87,26,3,0.11,1,16.86123737856205,0
Angul,Athamallik 2,7.94,460.0,238,141,144,45,7,35,7.0,176,42,22,0.35,1,31.9013140051577,1
Puri,Jagannath Temple,7.95,1400.0,562,312,317,79,28,82,42.7,386,112,29,0.03,0,46.6671355347063,1
Kalahandi,Bijamara,7.86,1100.0,546,425,155,68,62,54,5.6,189,212,52,0.29,0,32.69131948778608,1
Puri,Harirajpur,8.11,820.0,393,311,386,45,47,42,8.3,462,24,0,0.21,0,31.625043440701706,1
Ganjam,Lanjia,8.26,1180.0,1271,264,385,28,47,184,6.8,470,736,39,0.77,0,59.90309135893043,2
Nabarangpur,Debugaon,7.51,340.0,172,124,131,32,11,9,16.3,160,14,11,0.17,0,26.47023981475113,1
Kalahandi,Tundala,7.56,1580.0,782,615,325,48,120,79,1.2,397,295,44,0.6,0,46.48860459606729,1
Sonepur,Sargaj,8.3,950.0,464,444,263,33,86,15,1.6,314,169,6,0.42,0,40.6412151848144,1
Ganjam,Bhanjanagar-ii,7.9,1640.0,869,320,367,41,53,189,32.0,447,277,58,0.33,0,54.55698559600021,2
Ganjam,Buguda,8.23,420.0,231,96,148,0,23,47,18.0,180,49,5,0.26,0,38.41081354336584,1
Gajapati,Sukilipadar,8.01,520.0,240,217,92,48,23,13,4.9,112,94,2,0.21,1,25.403373316610892,1
Cuttack,Kanapur,7.46,1451.0,716,550,385,130,55,69,0.1,470,200,32,0.31,0,28.004254697950202,1
Koraput,Ambaguda1,7.41,340.0,160,92,64,35,1,21,9.1,78,54,1,0.17,1,19.463967186879508,0
Cuttack,Nachhipur,7.13,540.0,273,209,120,62,13,20,4.9,146,25,76,0.07,1,11.243442201859793,0
Nayagarh,Daspalla-i,7.82,1000.0,504,246,371,49,30,110,2.1,453,71,20,0.36,0,30.845110497464322,1
Rayagada,Minajhola,7.04,320.0,160,113,144,27,11,21,1.4,176,12,1,0.21,1,13.402638822726558,0
Khordha,Gobindpur,7.75,630.0,337,173,226,42,17,63,2.2,276,55,23,0.18,0,19.918700659528778,0
Kendujhar,Jaymangalpur,7.8,340.0,180,85,79,20,9,36,3.0,96,53,13,0.22,1,20.981114170853647,0
Bargarh,Ghens,7.84,1770.0,927,407,248,54,67,203,25.0,302,355,76,0.64,0,64.67081021189779,2
Kalahandi,Bandigaon,7.99,520.0,267,250,250,74,16,2,1.5,305,20,4,0.25,0,25.100432666275495,1
Rayagada,Gunupur1,7.11,290.0,144,102,109,26,9,18,1.2,133,24,0,0.29,1,17.306654204089078,0
Malkangiri,Sindhimal,7.86,540.0,270,208,179,65,11,26,2.2,218,36,23,0.29,1,25.728610913685547,1
Koraput,Jayantigiri,7.78,900.0,412,330,252,35,59,47,2.2,307,117,1,0.18,0,23.352956161333637,0
Ganjam,Chikiti,8.2,2550.0,1367,244,414,33,39,423,14.9,505,595,14,0.65,0,59.83973163425632,2
Ganjam,Mangalpur,7.74,900.0,485,259,200,75,17,72,20.0,244,136,45,0.16,0,32.94590053940346,1
Puri,Pipili,8.3,1720.0,948,362,479,63,49,183,77.0,573,235,60,0.16,0,83.57337358833645,3
Puri,Brahmagiri,7.37,500.0,233,140,104,39,11,29,3.0,127,77,11,0.14,1,14.344564201804886,0
Gajapati,Lavanyakhota,8.0,560.0,275,162,150,28,22,53,1.9,183,76,4,0.44,1,33.75801338361388,1
Boudh,Sarta-Guda,8.28,660.0,321,305,275,76,28,9,2.1,336,26,14,0.86,0,57.858334769798965,2
Sonepur,Bhimtikra,8.37,560.0,271,187,231,52,14,27,6.0,249,25,9,0.53,0,44.14626592530888,1
Ganjam,Jakara,7.67,2650.0,1372,914,210,234,80,139,3.2,256,707,84,0.29,0,36.19228592487299,1
Kalahandi,Bakatpur,7.91,220.0,112,100,100,34,4,1,3.2,122,10,0,0.25,1,23.222922778721742,0
Koraput,Anta,7.22,660.0,322,192,188,24,32,30,34.0,229,78,11,0.19,0,39.929177815196645,1
Khordha,Mendhasala,7.62,510.0,275,149,127,34,16,29,30.5,155,68,22,0.18,0,38.96141562767038,1
Sambalpur,Loiraguna,8.2,540.0,233,209,219,35,30,10,3.4,267,14,7,0.29,0,30.231980168566057,1
Sonepur,Bagduli,8.23,860.0,450,204,350,29,32,91,20.5,419,40,31,0.71,0,63.83666168786269,2
Bargarh,Khutlipalli,7.31,870.0,461,230,158,73,11,91,6.0,193,148,38,0.38,1,28.813501036095058,1
Nabarangpur,Digi,7.8,900.0,451,243,279,65,19,38,66.6,340,90,6,0.28,0,73.37964899007268,2
Bhadrak,Jasotikiri,8.24,438.0,325,153,86,32,18,20,10.5,105,83,2,0.73,1,55.238803592550994,2
Cuttack,Kulia mkt,7.4,460.0,225,200,163,64,10,8,8.0,199,18,21,0.16,1,19.774805440284503,0
Sonepur,Bishalapali,8.19,410.0,207,130,154,50,1,30,2.0,188,30,1,0.36,1,30.35529343949876,1
Balangir,Dhumabata,8.44,950.0,494,274,185,50,36,65,39.4,48,106,86,0.32,0,61.338896828368824,2
Nayagarh,Kuluru Kumpa,8.17,750.0,415,267,195,59,29,38,5.0,238,84,20,0.31,1,32.79300520495888,1
Sambalpur,Padiabahal,8.08,1140.0,539,223,373,22,41,143,3.1,455,65,39,1.7,0,97.34033248730462,3
Koraput,Dasmanthapur,7.38,200.0,92,75,64,17,8,7,1.4,78,20,0,0.12,1,11.17746748705129,0
Nabarangpur,Kodinga,8.19,190.0,92,59,66,10,8,14,0.5,81,17,3,0.07,1,14.774423029077175,0
Sonepur,Karlajuri,7.92,1460.0,795,442,77,156,13,120,16.0,94,350,94,0.63,0,55.47576668345138,2
Koraput,Kunduli,7.08,630.0,347,168,164,42,16,44,37.1,200,76,34,0.21,0,41.184260440982214,1
Koraput,Patraput,6.99,280.0,138,114,124,28,11,7,7.0,151,10,0,0.18,1,15.586586029289185,0
Kendrapara,Kasoti,7.49,1160.0,576,284,235,36,47,132,3.0,287,174,44,0.14,0,19.22980012323885,0
Boudh,Harbhanga,7.64,1350.0,698,410,342,56,66,119,3.5,417,188,61,0.52,0,41.138059347683274,1
Bargarh,Kodabahal 2,7.62,250.0,134,98,84,27,7,15,2.0,103,21,11,0.27,1,20.98502175360893,0
Sundargarh,R-22 Sector-2,8.44,420.0,225,123,118,43,4,34,6.5,107,46,17,0.21,1,28.67315024977518,1
Mayurbhanj,Khunta,7.87,246.0,125,89,90,18,11,18,2.6,110,22,2,0.11,1,16.06867318977735,0
Rayagada,Gumda,7.33,960.0,486,216,272,65,13,45,89.8,332,108,1,0.28,0,86.13779475496163,3
Sundargarh,Katra,8.08,360.0,183,130,129,40,7,13,5.8,157,26,13,0.26,1,27.631290141430313,1
Nuapada,Khariar,8.3,680.0,363,224,180,47,26,52,1.0,216,45,87,0.23,1,26.726193221750393,1
Sundargarh,R-18 Koel Nagar,8.42,400.0,204,157,119,37,16,18,2.7,47,26,34,0.19,1,25.447796985375234,1
Bhadrak,Bidanpur,8.49,710.0,419,163,166,46,12,83,23.9,186,109,65,0.23,0,44.19550014053305,1
Koraput,Koraput-i,7.23,680.0,338,297,223,77,25,19,1.1,272,59,24,0.18,0,16.04025404071411,0
Cuttack,Mahabhadia bazar,6.75,840.0,444,280,221,68,27,30,57.0,269,79,51,1.3,0,106.18829969739404,3
Sundargarh,Bhasma,7.62,220.0,104,82,50,23,6,10,2.2,61,31,2,0.14,1,14.674460858363927,0
Mayurbhanj,Thakurmunda,8.16,420.0,187,201,164,39,25,2,0.1,200,22,1,0.27,1,25.97715984281812,1
Ganjam,Ambapua,7.93,470.0,265,117,166,26,13,55,2.6,203,39,31,0.85,1,52.35780813178235,2
Nayagarh,Kantilo,8.04,380.0,180,148,129,30,18,15,4.1,157,19,17,0.32,1,29.49074198614936,1
Sambalpur,Terebera,8.18,640.0,288,251,279,32,42,22,1.2,340,17,4,0.88,0,57.39345788268647,2
Boudh,Khajuripada,7.82,1430.0,665,680,323,24,151,15,1.7,394,221,58,0.83,0,61.351385418019994,2
Balangir,Dhamandanga,8.45,890.0,462,244,185,56,26,65,33.2,196,96,75,0.37,0,58.644246806588335,2
Mayurbhanj,Pitabhata,7.74,105.0,98,50,57,14,4,18,2.7,70,24,1,0.17,1,17.125473885055015,0
Sundargarh,"R-17
Jhumpudibasti(Nuabazar)",7.79,610.0,331,176,88,49,13,56,2.3,107,96,62,0.21,1,21.229947010693813,0
Sambalpur,Boxma,8.04,780.0,382,233,184,61,19,58,5.6,225,81,45,0.49,1,39.99462582122668,1
Khordha,B-04 Lingaraj Temple,7.85,530.0,279,173,181,44,15,33,14.5,221,48,16,0.25,0,32.69850126394822,1
Bargarh,Resham,7.48,1060.0,503,284,149,54,36,93,5.0,181,192,34,0.65,0,43.77012598723401,1
Kendujhar,Sasang,7.86,435.0,227,155,98,46,10,23,5.1,120,60,24,0.15,1,20.478271808732416,0
Bargarh,Majhipali,7.98,1940.0,990,571,351,110,73,142,62.3,429,318,74,0.4,0,83.87348489673158,3
Cuttack,Saradapur,7.3,987.0,433,305,250,114,5,38,0.1,305,100,27,0.65,0,37.642848623130014,1
Bargarh,Dungri,7.15,450.0,212,176,168,42,17,18,5.0,205,21,9,0.44,1,28.751119424213634,1
Balangir,Kantabanjhi,8.1,620.0,288,184,239,26,29,54,3.1,291,25,8,2.49,0,132.89505364739142,3
Bargarh,Chadheigaon,7.34,480.0,228,157,153,46,10,31,1.0,187,49,0,0.55,1,32.142771832366876,1
Kalahandi,Ladugaon,8.55,970.0,493,205,310,22,36,125,4.2,378,26,10,2.2,0,124.8026982768357,3
Balangir,Haldi,8.24,1430.0,803,264,312,50,34,98,180.6,381,191,62,0.31,0,164.06255129880552,3
Balasore,Khaira,8.51,1100.0,576,203,257,44,23,100,125.0,267,126,105,0.43,0,129.6714370062415,3
Khordha,B-41 Pokhariput,7.28,190.0,94,59,50,14,6,14,2.8,61,20,7,0.14,1,12.088100446167644,0
Nuapada,Potara,8.3,830.0,475,143,288,41,10,90,54.5,345,20,90,0.41,0,73.82099713640933,2
Ganjam,Badagarh,7.87,1170.0,613,279,176,59,32,120,2.4,215,260,34,0.25,0,26.38952650979613,1
Bargarh,Bijepur 1,7.57,430.0,201,93,149,17,12,53,1.0,181,23,7,1.1,1,59.51159912730824,2
Balangir,Gudighat,8.26,910.0,458,274,293,50,36,81,2.4,357,78,35,0.91,0,60.795194180431984,2
Sambalpur,Kesaibahal,7.86,510.0,244,177,109,28,26,26,3.6,134,69,24,0.29,1,26.872721008373397,1
Dhenkanal,Kaimati,7.91,540.0,245,205,205,24,35,28,1.1,250,32,2,0.81,0,50.8047636455035,2
Gajapati,Luhaguda,8.41,1340.0,751,227,412,24,40,51,207.2,444,121,62,0.44,0,191.14161208804927,3
Bargarh,Attabira 1,7.12,3470.0,1914,490,322,154,24,505,50.0,393,986,2,1.13,0,101.69860175993222,3
Nayagarh,Ghasadeipur,7.73,490.0,251,187,144,39,22,24,6.9,175,55,19,0.17,1,22.586899136337436,0
Jajpur,Jakhapura,7.22,120.0,63,20,30,2,4,12,9.1,37,12,7,0.1,1,13.817368227984499,0
Koraput,Tikaguda,7.02,120.0,54,50,50,8,7,2,1.6,61,5,0,0.14,1,8.887001698567525,0
Cuttack,Kharpuria 1,7.11,500.0,256,194,155,36,25,20,11.0,189,25,46,0.18,1,21.13841178416956,0
Sambalpur,Deogaon,7.28,380.0,171,153,125,34,17,11,1.8,152,26,7,0.29,1,20.023599573390946,0
Khordha,B-33 Unit-4,7.12,360.0,183,104,88,22,12,30,5.0,107,48,14,0.06,1,9.538502798065203,0
Mayurbhanj,Baidipur,7.3,150.0,105,40,43,10,4,20,0.2,52,26,0,0.1,1,8.194883762334145,0
Kandhamal,Nuagaon,8.1,160.0,92,56,46,20,1,7,7.9,55,12,17,0.12,1,21.45692060831417,0
Bhadrak,Bagdavinayakpur,8.03,400.0,212,163,95,44,13,19,0.5,116,68,8,0.62,1,40.78974179565845,1
Cuttack,Choudwar,6.81,580.0,315,179,95,52,12,38,19.3,116,78,59,0.07,0,18.91823929224561,0
Angul,Ugi,7.68,440.0,219,140,190,30,16,32,4.7,232,15,8,0.44,1,32.708948176000014,1
Sundargarh,Karamdihi,7.91,560.0,252,220,235,40,29,27,0.7,296,12,1,0.4,0,31.15653519680429,1
Khordha,Jatni1,7.42,310.0,161,89,79,20,9,26,6.7,96,48,4,0.09,1,14.349439707645987,0
Jajpur,Phuljhor,7.43,720.0,360,226,265,65,15,48,1.2,323,50,21,0.77,0,44.80557713792079,1
Cuttack,Orti,7.29,550.0,247,215,190,26,37,26,1.1,232,35,9,0.28,1,20.808722799497424,0
Malkangiri,Chitapari,7.6,410.0,210,158,199,40,14,22,4.9,243,7,3,0.25,1,23.272404037727952,0
Ganjam,Lathipada,8.22,1040.0,572,294,295,37,49,122,1.0,360,143,44,1.05,0,67.0435496325054,2
Bargarh,Thuapali1,7.84,520.0,260,172,153,48,12,40,4.0,187,57,8,0.28,1,26.055326839093492,1
Bhadrak,Tihidi,8.42,2150.0,1039,431,261,44,79,225,32.9,308,432,145,0.26,0,58.58704813249565,2
Sambalpur,Barodungri(Orampara),8.0,690.0,314,246,154,43,34,28,2.7,188,69,42,0.46,1,36.589222063998726,1
Kendujhar,Baxibarigan,8.12,160.0,97,50,64,16,2,18,0.7,78,22,0,1.05,1,60.232196530008544,2
Nabarangpur,Tentulikunti 1,7.79,440.0,215,168,152,44,14,15,7.5,185,40,4,0.17,1,22.954497085602316,0
Dhenkanal,Shyamchandrapur,7.81,370.0,177,140,105,26,18,20,1.2,128,32,17,0.21,1,20.11224499904754,0
Cuttack,Khapuria 3,7.5,550.0,262,214,173,44,25,22,8.0,211,42,18,0.15,1,20.967760545851277,0
Nuapada,Rishigaon,8.14,1310.0,745,219,484,35,32,118,139.0,579,104,33,0.48,0,140.5370175492227,3
Bargarh,Tora,7.32,460.0,288,118,124,33,9,69,1.0,151,57,45,0.48,1,28.462498878424633,1
Cuttack,Badambadi,7.21,410.0,193,159,134,30,21,16,6.2,164,32,8,0.17,1,17.31180344508329,0
Bargarh,Remada,7.53,560.0,330,176,183,50,12,63,6.0,223,47,43,0.9,1,54.509799087285316,2
Bargarh,Boipur,7.26,390.0,194,147,119,35,15,18,3.0,145,23,29,0.34,1,23.030118056245485,0
Kendujhar,Kaliahata,7.51,100.0,67,35,25,10,2,9,3.9,30,26,1,0.15,1,14.764273486637475,0
Sundargarh,R-33 Sector 18,8.22,340.0,176,93,82,31,4,31,4.4,100,34,23,0.14,1,21.58923955632885,0
Kendujhar,Badaposhi,7.82,420.0,226,150,122,48,7,25,7.0,149,55,11,0.23,1,25.186524537238714,1
Sambalpur,Batemura,8.38,800.0,352,337,312,50,52,16,8.5,334,34,4,0.48,0,46.86185324727561,1
Koraput,Mandalguda Colony,7.12,270.0,129,104,119,20,13,13,1.8,145,10,0,0.18,1,12.808347775827585,0
Sonepur,Sankara,8.4,360.0,183,120,131,35,8,18,5.0,132,23,16,0.82,1,56.07635777136394,2
Malkangiri,M.V 37,8.16,60.0,30,25,26,10,0,1,0.4,32,0,3,0.04,1,12.178484462253794,0
Jajpur,Sukinda,7.21,160.0,78,48,40,15,2,10,0.3,49,22,4,0.15,1,9.796022278095784,0
Ganjam,Berhampur Ii,8.02,1020.0,561,167,229,39,17,147,6.9,279,194,20,0.21,0,27.577359631834565,1
Sundargarh,Lefripada,8.24,410.0,192,170,158,40,17,15,2.1,193,21,1,0.3,1,28.959490225948265,1
Dhenkanal,Babandh,7.86,1030.0,500,415,230,34,80,44,2.9,281,159,43,0.65,0,48.40938892327916,1
Sonepur,Dhaurakhaman,8.02,470.0,230,187,142,44,19,18,4.0,174,38,23,0.79,1,51.93069302460787,2
Nabarangpur,Nowrangpur 1,8.2,470.0,220,124,106,22,17,38,2.7,129,74,3,0.09,1,18.75343687490747,0
Sundargarh,Lokdega,8.11,450.0,229,182,65,42,19,16,3.5,79,98,11,0.11,1,19.977388021490086,0
Angul,Mahidhrapur,7.69,830.0,419,305,220,40,50,49,1.8,268,103,44,0.31,0,27.840248648660896,1
Ganjam,Badakholi,8.16,400.0,204,157,153,35,17,16,2.6,186,39,4,0.21,1,24.334390020087877,0
Nuapada,Godphula,8.1,520.0,276,194,160,37,24,25,8.8,191,65,22,0.65,1,49.91023127238021,1
Kendujhar,Sorada,8.15,750.0,397,269,248,69,23,34,33.2,302,61,28,0.26,0,50.973288362760364,2
Kendujhar,Bhagomunda,7.83,7.15,349,285,152,52,38,23,1.5,185,110,33,0.45,1,34.28446301164712,1
Sonepur,Binka,7.92,520.0,257,203,185,64,10,21,6.0,225,38,7,0.54,1,40.683241880714206,1
Bargarh,Burdapali,7.43,1500.0,663,309,327,48,46,150,11.0,399,207,5,1.79,0,103.03130841214082,3
Nayagarh,Nuagaon 1,8.47,1450.0,744,138,599,35,12,251,2.0,670,67,19,3.1,0,165.0293680230582,3
Bhadrak,Benipur,8.26,275.0,233,104,90,36,4,20,0.1,110,41,0,0.57,1,39.10693320392405,1
Sundargarh,Panchamahala,8.34,730.0,358,293,185,61,34,26,5.6,198,79,40,0.19,1,29.33836955349554,1
Dhenkanal,Jhumpuria,7.66,580.0,298,235,180,22,44,20,8.2,220,59,38,0.29,1,30.12352758028145,1
Kalahandi,Gunupur,7.92,300.0,138,145,105,36,13,1,1.0,128,20,4,0.21,1,20.591878096007985,0
Balasore,Bankisul,8.4,1010.0,604,238,276,32,39,83,101.0,325,148,25,0.66,0,122.74815712075116,3
Nuapada,Bada-Mahes,7.93,470.0,263,163,134,55,6,26,10.7,160,67,20,0.52,1,42.68913112086492,1
Sambalpur,Jamadarpali,8.35,530.0,249,208,226,42,26,17,2.1,223,14,13,0.82,0,55.38348254177709,2
Puri,Balipur,8.12,1200.0,534,267,278,61,28,88,34.2,340,103,52,0.06,0,42.72629142505031,1
Nabarangpur,Baheda,7.88,1300.0,645,416,469,81,52,82,28.0,572,114,7,0.42,0,56.03614229585985,2
Ganjam,Huma,7.9,2100.0,1112,558,276,79,88,96,145.6,337,498,41,0.38,0,143.98783203230593,3
Balangir,Chudapali,8.45,850.0,444,274,215,72,23,56,20.5,238,96,48,0.51,0,56.022127217358054,2
Sundargarh,Bargad,7.8,160.0,82,43,20,8,6,15,1.8,24,28,11,0.09,1,13.095646277912367,0
Kalahandi,Attanguda,7.92,1330.0,693,550,285,130,55,51,1.5,348,242,43,0.22,0,28.278920341117423,1
Angul,Singhda,7.98,780.0,456,145,165,32,16,98,21.6,201,118,72,0.3,0,41.66247330509086,1
Koraput,Kenduguda,7.22,150.0,66,64,60,8,11,3,0.7,73,7,0,0.11,1,8.824203313522844,0
Nuapada,Darlimunda,8.18,430.0,227,153,129,27,21,22,9.4,154,47,25,0.73,1,54.16616538969826,2
Cuttack,Sikharpur,6.5,220.0,116,90,62,20,10,8,4.4,76,17,19,0.21,1,10.577866159332485,0
Cuttack,Athagarh-1,7.48,87.0,61,65,20,10,10,0,0.1,24,27,2,0.14,1,11.80252675010339,0
Balangir,Jagua,8.19,510.0,232,179,190,28,27,31,2.6,232,25,4,0.83,1,54.59936635590891,2
Kalahandi,Jaipatna,8.14,530.0,260,210,135,40,27,21,4.0,165,71,16,0.56,1,42.63915363728664,1
Kalahandi,Kegaon,7.57,890.0,435,325,210,38,56,52,3.8,256,141,19,0.36,0,31.065704178091178,1
Rayagada,Gumma,7.22,450.0,223,171,193,47,13,20,2.7,235,24,1,0.32,1,21.871914563836675,0
Boudh,Khatkhatia,7.88,1190.0,648,525,332,150,36,25,11.7,405,147,80,0.34,0,40.1320058551188,1
Nuapada,Kalyanpr,8.0,760.0,412,219,160,45,26,71,2.8,191,151,22,0.42,1,34.48444403968664,1
Boudh,Gundulia,7.7,860.0,429,350,280,62,47,33,5.3,342,74,40,0.48,0,38.90297042692325,1
Nuapada,Bhajipala,8.18,550.0,278,204,216,31,30,31,5.5,259,25,29,1.4,0,84.01233101715636,3
Boudh,Bala Singha,7.87,1300.0,717,410,376,114,30,62,79.6,459,116,90,0.25,0,84.87148837934694,3
Kalahandi,Dharamgarh,7.8,1120.0,573,370,200,52,58,85,1.8,244,210,46,0.18,0,23.798955654112664,0
Koraput,Kotpad,7.01,240.0,117,94,89,20,11,7,5.3,108,19,1,0.13,1,11.842876970328422,0
